division_rank,first_name,last_name,alias,region,division,conservative_rating,mu,sigma,ordinal,matches_played,percentage_of_best
1,Erik,Stjernlöf,starloef,SWE,Open,86.45,91.31,5.77,74.0,91,100.0
2,lars-tony,skoog,skoogis,SWE,Open,85.89,94.98,10.8,62.59,34,99.35
3,Johan,Nordberg,johann,SWE,Open,72.64,80.89,9.81,51.47,31,84.02
4,Joakim,Wallin,sveaskogen,SWE,Open,70.28,76.72,7.65,53.78,55,81.29
5,Faj,Tran,fajsan,SWE,Open,67.72,78.73,13.09,39.48,16,78.33
6,Kalle,Halvarsson,adhd,SWE,Open,64.88,73.81,10.61,41.97,21,75.05
7,Johan,Hansen,hansen,SWE,Open,64.19,70.39,7.36,48.32,68,74.26
8,Hugo,Rinaldo,,SWE,Open,62.4,67.79,6.41,48.57,41,72.17
9,Peter,Kastell,kastell,SWE,Open,60.71,65.66,5.88,48.02,56,70.22
10,IVAN,Lundgren,,SWE,Open,59.15,70.26,13.19,30.68,19,68.42
11,Anders,Johansson,johansson81,SWE,Open,53.51,61.05,8.96,34.16,27,61.89
12,Bjarne,Larning,,SWE,Open,52.73,57.13,5.23,41.44,86,60.99
13,Albin,Hylander,hylanderjunior,SWE,Open,52.23,59.97,9.2,32.39,23,60.42
14,Jens,Söderlund,nanoti,SWE,Open,51.35,55.16,4.52,41.59,94,59.4
15,Pär,Hylander,macleod,SWE,Open,51.17,57.04,6.98,36.09,48,59.18
16,Bernhard,Skoglund,burni,SWE,Open,50.42,59.9,11.27,26.1,17,58.32
17,Jens,Lundström,jenlu,SWE,Open,49.58,58.24,10.29,27.37,31,57.35
18,Jakob,Ericsson,caben,SWE,Open,49.52,58.78,11.01,25.75,31,57.28
19,Kent,Westerlund,kwesen,SWE,Open,48.32,61.37,15.51,14.86,10,55.9
20,Frans,Vonasek,,SWE,Open,46.42,52.88,7.68,29.84,27,53.69
21,Jimmy,Sjögren,,SWE,Open,46.41,54.59,9.73,25.41,20,53.68
22,Martin,Håkansson,hakansson,SWE,Open,45.2,56.71,13.68,15.67,10,52.28
23,Tobias,Henriksson,monthe,SWE,Open,45.07,49.0,4.67,35.0,70,52.13
24,Daniel,Holmberg,rioter,SWE,Open,44.35,48.91,5.42,32.65,60,51.3
25,Sonny,Stenström,,SWE,Open,43.86,51.48,9.05,24.32,22,50.73
26,Christian,Skoglund,skoglund,SWE,Open,43.55,48.84,6.28,29.99,39,50.38
27,Gustav,Persson,,SWE,Open,42.84,52.34,11.29,18.48,31,49.56
28,Daniel,Lilienberg,mcping,SWE,Open,42.59,45.88,3.9,34.18,93,49.27
29,Marcus,Norberg,nog,SWE,Open,42.35,48.49,7.3,26.59,31,48.99
30,Jens,Sandberg,jens,SWE,Open,42.31,47.72,6.43,28.44,58,48.94
31,Magnus,Johansson,sigsauer,SWE,Open,40.58,57.27,19.83,-2.23,6,46.94
32,Jacob,Lindblom,jacobl,SWE,Open,39.75,50.59,12.88,11.95,23,45.98
33,Andreas,Warsén,,SWE,Open,39.38,45.8,7.63,22.9,30,45.55
34,Patrik,Selinder,selinder,SWE,Open,39.33,45.87,7.77,22.57,27,45.5
35,Joel,Svensson,,SWE,Open,39.21,48.37,10.89,15.7,18,45.35
36,jari,Kurttio,goldgun,SWE,Open,38.28,43.23,5.88,25.58,54,44.28
37,Håkan,Stors,,SWE,Open,37.34,47.07,11.56,12.38,16,43.19
38,Andreas,Anderson,,SWE,Open,37.23,43.5,7.45,21.14,40,43.06
39,Per,Forsling,slowfeet,SWE,Open,37.05,40.75,4.4,27.56,67,42.86
40,Stefan,Halvarsson,halvarsson,SWE,Open,36.68,44.58,9.38,16.42,27,42.43
41,Tomas,Nilsson,mansell,SWE,Open,36.57,43.03,7.67,20.02,49,42.31
42,Tomas,Lindgren,totte,SWE,Open,35.32,44.24,10.59,12.46,14,40.86
43,Erik,Nilsson,,SWE,Open,35.22,43.17,9.45,14.83,18,40.74
44,Mathias,Rinaldo,pewpewu2,SWE,Open,34.69,39.03,5.16,23.55,47,40.12
45,Tommy,Hjelm,,SWE,Open,34.57,44.68,12.01,8.64,26,39.99
46,Peter,Larsson,pelar,SWE,Open,34.5,38.82,5.13,23.42,83,39.91
47,Oscar,Fungmark,funkis,SWE,Open,34.49,52.36,21.23,-11.34,4,39.89
48,Johan,G,johang,SWE,Open,33.88,45.58,13.9,3.87,12,39.19
49,Robert,Kunst,,SWE,Open,33.87,37.53,4.35,24.48,74,39.18
50,Jim,Larsén,slimjim,SWE,Open,33.51,40.23,7.99,16.28,48,38.77
51,Johan,Ekengren,,SWE,Open,33.36,48.33,17.79,-5.02,12,38.59
52,Marcus,Molin,,SWE,Open,33.03,37.3,5.08,22.06,79,38.2
53,Niklas,Arabäck,,SWE,Open,32.96,37.43,5.31,21.49,77,38.12
54,Daniel,Persson,danper,SWE,Open,32.76,38.33,6.62,18.47,35,37.89
55,Fredrik,Lundbeck,figge,SWE,Open,32.54,46.79,16.93,-4.0,14,37.64
56,Leif,Madsen,mrfatandslow,SWE,Open,32.17,38.73,7.79,15.34,29,37.21
57,Robert,Bengtsson,,SWE,Open,31.71,37.1,6.41,17.89,39,36.68
58,Hans,Gustafsson,,SWE,Open,31.42,37.9,7.7,14.79,29,36.34
59,Erik,Bjalkvall,3gunner,SWE,Open,31.16,37.37,7.38,15.23,38,36.04
60,Marcus,Eriksson,marer,SWE,Open,31.13,42.13,13.08,2.9,12,36.0
61,Emil,Olsson,ziptie,SWE,Open,30.45,41.99,13.72,0.83,9,35.22
62,Magnus,Gustafsson,scar,SWE,Open,30.32,39.24,10.6,7.45,22,35.08
63,Roberth,Andersson,aimbot,SWE,Open,30.27,41.48,13.33,1.5,20,35.01
64,Henrik,Hjelte,cetre,SWE,Open,30.26,41.55,13.41,1.33,13,35.0
65,David,Ståhl,goliat40,SWE,Open,30.12,36.12,7.13,14.73,57,34.84
66,Andreas,Arvebrink,creacito,SWE,Open,30.02,38.36,9.9,8.66,22,34.73
67,Christian,Wallman,,SWE,Open,29.97,48.2,21.66,-16.78,5,34.67
68,Håkan,Johansson,,SWE,Open,29.92,35.63,6.79,15.27,47,34.61
69,Heinz,Johansson,,SWE,Open,29.88,34.32,5.28,18.49,64,34.56
70,Fredrik,Poller,poller,SWE,Open,29.41,41.13,13.92,-0.64,14,34.02
71,magnus,boström,,SWE,Open,29.33,35.16,6.94,14.35,33,33.92
72,Ola,Carlsson,ola944,SWE,Open,29.27,34.83,6.61,15.0,37,33.85
73,Jörgen,Broman,broman,SWE,Open,28.81,33.69,5.81,16.27,46,33.32
74,Sebastian,Vestlund,sebastian,SWE,Open,28.75,36.49,9.2,8.9,17,33.25
75,Christoffer,Thander,cthander,SWE,Open,28.63,35.27,7.89,11.59,26,33.11
76,Christian,Rönnlöf,krull,SWE,Open,28.5,45.67,20.4,-15.53,5,32.97
77,Per-Ola,Rasmussen,perola,SWE,Open,28.17,46.45,21.72,-18.71,6,32.58
78,Magnus,von Brömsen,brake,SWE,Open,28.16,32.59,5.26,16.8,75,32.57
79,Johan,Ström,strom,SWE,Open,27.99,35.99,9.5,7.49,22,32.38
80,Michael,Nordell,dude,SWE,Open,27.44,32.66,6.2,14.06,43,31.74
81,Karin,Wiklund,kwi,SWE,Open,27.35,38.35,13.07,-0.85,13,31.64
82,Daniel,Denwood,doubledelta,SWE,Open,26.99,32.0,5.96,14.12,32,31.21
83,Nicola,Lo Presti,nixi,SWE,Open,26.82,35.94,10.83,3.44,14,31.02
84,Ida,Rinaldo,rinaldosuperjr,SWE,Open,26.78,32.58,6.9,11.89,26,30.97
85,Mikael,Schelén,stmichael,SWE,Open,26.75,36.14,11.15,2.68,20,30.95
86,Jari,Kurt10,goldgun,SWE,Open,26.71,38.64,14.18,-3.9,11,30.89
87,Fredrik,Lindblad,fastman666,SWE,Open,26.6,36.07,11.26,2.29,23,30.76
88,Per,Siverud,aenonar,SWE,Open,26.56,34.85,9.86,5.28,22,30.72
89,Robert,Purvins,purvins,SWE,Open,26.51,45.78,22.89,-22.9,3,30.67
90,Tobias,Hårdén,harden,SWE,Open,26.24,35.61,11.13,2.21,17,30.35
91,Marcus,Larsson,,SWE,Open,26.12,32.76,7.89,9.08,22,30.21
92,Gustav,Breisch,gbreisch,SWE,Open,26.08,41.86,18.75,-14.4,6,30.16
93,Robbin,Häggmark,,SWE,Open,25.17,31.54,7.57,8.84,29,29.11
94,Stefan,Annell,stefana,SWE,Open,25.03,29.76,5.62,12.89,67,28.95
95,David,Axberg,davva,SWE,Open,24.85,32.76,9.4,4.56,21,28.74
96,Jonas,Thambert,,SWE,Open,24.73,34.96,12.16,-1.53,17,28.6
97,Mattias,Bäckström,beachmatte,SWE,Open,24.62,37.02,14.73,-7.18,10,28.48
98,Nicklas,Olausson,,SWE,Open,24.01,34.78,12.8,-3.63,17,27.77
99,Sasa,Petrovic,petrovic,SWE,Open,23.76,40.74,20.17,-19.77,5,27.49
100,Daniel,Andelius,dtf,SWE,Open,23.19,36.07,15.31,-9.85,9,26.82
101,Robert,Hansson,,SWE,Open,23.16,30.19,8.35,5.14,20,26.8
102,Mattias,Gustafsson,masken,SWE,Open,23.16,42.11,22.53,-25.46,12,26.78
103,Daniel,Castillo,,SWE,Open,23.07,34.25,13.29,-5.62,17,26.68
104,Jocke,Glaés,arson,SWE,Open,22.96,36.9,16.57,-12.8,11,26.56
105,Ariel,Ramirez,,SWE,Open,22.96,32.47,11.31,-1.46,16,26.55
106,Magnus,Lindblå,blueman,SWE,Open,22.74,32.66,11.79,-2.72,22,26.3
107,Stefan,Ekstedt,steeks,SWE,Open,22.68,41.11,21.89,-24.57,7,26.23
108,Rolf,Lönn,roffe,SWE,Open,22.61,30.22,9.04,3.09,37,26.15
109,Alexander,Runesson,,SWE,Open,22.58,29.37,8.07,5.16,25,26.12
110,Patric,Gustafsson,dronten,SWE,Open,22.44,27.76,6.32,8.79,45,25.96
111,Ted,Kvarnström,,SWE,Open,22.34,29.59,8.62,3.74,36,25.84
112,Anton,Grimm,labban,SWE,Open,21.4,32.46,13.15,-6.97,13,24.75
113,Bosse,Jansson,boaw,SWE,Open,21.25,27.0,6.83,6.49,40,24.58
114,Dick,Qvarnström,,SWE,Open,21.06,28.16,8.44,2.84,45,24.36
115,Christian,Paulsson,,SWE,Open,20.83,29.6,10.42,-1.66,18,24.09
116,Mikko,Laukkanen,selector,SWE,Open,20.69,31.23,12.52,-6.33,15,23.94
117,Toni,Kaic,kaic,SWE,Open,20.53,28.54,9.51,-0.0,25,23.75
118,Jörgen,Björk,jorgenbjork,SWE,Open,20.41,46.91,31.49,-47.55,4,23.61
119,Lars,Forsman,czbeardly,SWE,Open,20.32,32.63,14.63,-11.26,19,23.51
120,L Erik,Bjalkvall,3gunner,SWE,Open,19.96,35.35,18.29,-19.51,22,23.09
121,Bengt,Dahl,,SWE,Open,19.87,27.08,8.56,1.4,44,22.99
122,Douglas,Frykman,drughippo,SWE,Open,19.83,31.9,14.34,-11.13,13,22.93
123,Catalin,Popelca,,SWE,Open,19.79,34.48,17.45,-17.88,7,22.89
124,Daniel,Falk,dajo75,SWE,Open,19.7,36.43,19.88,-23.22,8,22.78
125,Saša,Petrović,petrovic,SWE,Open,19.59,37.22,20.95,-25.63,4,22.66
126,Mikael,Jung,jung,SWE,Open,19.48,41.93,26.67,-38.08,2,22.54
127,Robert,Gunnarsson,rollo,SWE,Open,19.23,26.56,8.72,0.41,39,22.24
128,Tuomas,Koli,koli,SWE,Open,19.06,34.14,17.92,-19.62,10,22.05
129,Ji-Ung,Um,mrchampagne,SWE,Open,18.97,28.49,11.32,-5.45,20,21.94
130,Göran,Majvall,skaning,SWE,Open,18.96,24.35,6.41,5.12,59,21.93
131,Jan,Mattsson,janm,SWE,Open,18.8,24.52,6.8,4.13,51,21.75
132,Johan,Nilsson,nilsson1911,SWE,Open,18.71,28.14,11.21,-5.49,15,21.64
133,mikael,söderholm,,SWE,Open,18.52,27.64,10.83,-4.86,21,21.42
134,Johan,Åström,a5trom,SWE,Open,18.52,37.77,22.87,-30.85,6,21.42
135,Orvar,Bäcklin,htfu,SWE,Open,18.28,38.43,23.94,-33.38,4,21.15
136,Björn,Svensson,ursus,SWE,Open,18.27,27.46,10.92,-5.31,28,21.13
137,joakim,strömberg,stromberg,SWE,Open,18.26,29.88,13.81,-11.54,14,21.13
138,David,Levin,grusiturbon,SWE,Open,18.23,38.63,24.24,-34.08,2,21.08
139,Lars,Jönsson,znake,SWE,Open,18.15,22.79,5.51,6.25,88,21.0
140,Andreas,Norberg,pyro,SWE,Open,18.13,30.4,14.57,-13.31,11,20.98
141,Jonas,Ardemalm,,SWE,Open,18.06,32.92,17.66,-20.06,9,20.89
142,Bo,Edin,clickmaster,SWE,Open,17.86,27.64,11.62,-7.23,18,20.65
143,Teddi,Sörensson,futump,SWE,Open,17.68,36.17,21.96,-29.73,5,20.45
144,Daniel,Svärd,,SWE,Open,17.55,26.14,10.21,-4.49,19,20.3
145,Daniel,Modin,,SWE,Open,17.52,29.67,14.43,-13.63,12,20.27
146,Kim,Brink,brink,SWE,Open,17.2,25.35,9.68,-3.7,22,19.89
147,Weine,Samuelsson,wesa,SWE,Open,16.86,24.92,9.57,-3.8,36,19.5
148,göran,jansson,fantomdad,SWE,Open,16.84,23.45,7.86,-0.12,50,19.47
149,Eric,Särèn,macgyver,SWE,Open,16.65,25.51,10.54,-6.1,22,19.25
150,Thomas,Hjelm,ipscnooben,SWE,Open,16.5,27.77,13.4,-12.42,18,19.08
151,Simon,Fant,,SWE,Open,16.43,31.6,18.02,-22.47,7,19.01
152,Örjan,Lindgren,banarne357,SWE,Open,16.41,25.27,10.52,-6.31,19,18.98
153,Robert,Andersson,bobbsan,SWE,Open,16.32,28.43,14.39,-14.73,22,18.87
154,Robert,Söderström,,SWE,Open,16.28,36.01,23.44,-34.32,6,18.83
155,Joseph,Moudi,moudi,SWE,Open,16.24,29.43,15.67,-17.58,16,18.78
156,John,Lindbom,,SWE,Open,16.21,21.84,6.68,1.79,94,18.75
157,Rasmus,Gyllenberg,gylla,SWE,Open,15.96,40.04,28.61,-45.79,6,18.46
158,Mikael,Berglund,,SWE,Open,15.89,36.04,23.94,-35.79,9,18.38
159,Ronny,Bergström,bul38super,SWE,Open,15.73,24.55,10.48,-6.88,30,18.2
160,Björn,Borg,castle,SWE,Open,15.53,27.31,14.0,-14.69,11,17.96
161,Christoffer,Malmström,krk,SWE,Open,15.45,25.9,12.42,-11.37,20,17.87
162,Alexandra,Rinaldo,ladyrinaldo,SWE,Open,15.44,25.42,11.85,-10.14,14,17.86
163,ulf,moen,,SWE,Open,15.43,24.41,10.67,-7.6,39,17.85
164,Marianne,Hansen,marsch,SWE,Open,15.38,27.58,14.49,-15.89,16,17.79
165,Joakim,Rudensten,jr528swe,SWE,Open,15.38,24.07,10.33,-6.93,25,17.79
166,Daniel,Tillström,climber,SWE,Open,15.28,33.31,21.43,-30.98,7,17.67
167,chris,jonkers,chijo,SWE,Open,15.21,25.05,11.69,-10.03,20,17.59
168,Jerry,Vesterlund,lockbete,SWE,Open,15.2,32.13,20.12,-28.24,5,17.58
169,Jonny,Karke,,SWE,Open,15.1,27.43,14.65,-16.52,12,17.46
170,Anton,Pardén,redde,SWE,Open,14.99,38.85,28.35,-46.21,1,17.34
171,Joakim,Kaneröd,jockek,SWE,Open,14.83,25.03,12.12,-11.33,21,17.15
172,Peter,Rydell,2orm,SWE,Open,14.65,26.17,13.69,-14.89,17,16.95
173,Allan,Grandestedt,allang,SWE,Open,14.58,25.0,12.38,-12.14,15,16.86
174,Walter,Kitzinger,,SWE,Open,14.56,24.37,11.65,-10.59,34,16.85
175,Tove,Kuhberg,tojjtojj,SWE,Open,14.56,25.47,12.96,-13.42,17,16.84
176,patrik,redebrandt,mrnightclub,SWE,Open,14.4,24.21,11.65,-10.75,28,16.66
177,Johan,Spångberg,,SWE,Open,14.39,26.49,14.38,-16.65,10,16.65
178,Richard,Svelander,svelander,SWE,Open,14.29,28.53,16.92,-22.22,8,16.53
179,Per,Jonasson,perra,SWE,Open,14.24,23.56,11.07,-9.66,29,16.48
180,Kim,Gustafsson,mopargun,SWE,Open,14.23,27.72,16.03,-20.36,10,16.46
181,Daniel,Linden,ldd,SWE,Open,14.2,31.02,19.99,-28.95,5,16.42
182,Mats O.,Bäckström,dalmas4,SWE,Open,14.19,35.21,24.97,-39.71,5,16.41
183,Henrik,Karlström,hkab,SWE,Open,14.11,30.14,19.04,-27.0,9,16.32
184,Frida,Holmkvist,kakan,SWE,Open,13.93,22.31,9.95,-7.55,37,16.12
185,Emil,Mrdjenovic,,SWE,Open,13.78,28.07,16.98,-22.88,7,15.93
186,Daniel,Fritjofsson,dtf,SWE,Open,13.71,33.91,23.99,-38.07,5,15.86
187,Mathias,Henricsson,glock35,SWE,Open,13.7,34.85,25.13,-40.53,3,15.85
188,Olle,Ackehed,,SWE,Open,13.56,39.59,30.93,-53.19,2,15.69
189,Christer,Siverud,christer,SWE,Open,13.48,24.4,12.98,-14.54,20,15.59
190,Mikael,Arnerwik,,SWE,Open,13.48,25.26,14.0,-16.75,14,15.59
191,Mikael,Rikede,,SWE,Open,13.47,24.34,12.91,-14.4,15,15.58
192,Björn,Gregnert,polarbear,SWE,Open,13.4,24.47,13.16,-15.0,17,15.49
193,Tony,Forslund,foppa,SWE,Open,13.23,25.45,14.52,-18.1,21,15.31
194,Marcus,Frisk,gunandrun,SWE,Open,13.21,28.56,18.25,-26.17,8,15.28
195,Andreas,Johanson,,SWE,Open,13.19,27.12,16.55,-22.53,9,15.26
196,Jonathan,Nirholt,jnov,SWE,Open,12.86,26.94,16.73,-23.25,11,14.87
197,Kristina,Olsson,,SWE,Open,12.82,23.89,13.16,-15.58,22,14.83
198,Robert,Carlsson,,SWE,Open,12.75,36.43,28.14,-47.99,1,14.75
199,Johnny,Thörnquist,yankee5,SWE,Open,12.68,28.58,18.89,-28.09,10,14.67
200,Oscar,Helgesson,,SWE,Open,12.64,26.19,16.1,-22.11,8,14.62
201,Tåbbe,Asplind,aspen,SWE,Open,12.59,32.3,23.41,-37.94,10,14.57
202,Andreas,Karlsson,badass40,SWE,Open,12.51,26.39,16.49,-23.09,14,14.47
203,Daniel,Lindström,tresk,SWE,Open,12.49,35.29,27.1,-46.0,3,14.44
204,Christian,Wangel,,SWE,Open,12.46,27.3,17.64,-25.61,12,14.41
205,Petri,Järvinen,,SWE,Open,12.38,25.09,15.1,-20.2,14,14.32
206,Jonas,Renström,jonas,SWE,Open,12.34,29.27,20.12,-31.08,5,14.27
207,Joakim,Classon,glockproduction,SWE,Open,12.22,30.89,22.19,-35.67,4,14.13
208,Patrik,Christensen,puttec,SWE,Open,12.18,25.16,15.41,-21.08,12,14.09
209,Mikael,Toll,,SWE,Open,12.1,22.55,12.42,-14.7,25,14.0
210,Marcus,Gunnarsson Blomqvist,dynamitarden,SWE,Open,12.04,24.26,14.51,-19.27,15,13.93
211,Anders,Staaf,staafen,SWE,Open,12.02,25.76,16.32,-23.21,11,13.91
212,Andreas,Persson,apersson88,SWE,Open,11.92,36.08,28.71,-50.05,2,13.79
213,Mikael,Wallander,,SWE,Open,11.92,24.52,14.98,-20.41,14,13.78
214,Patrik,Thornell,patte,SWE,Open,11.89,24.62,15.13,-20.77,11,13.75
215,Hans,holmqvist,,SWE,Open,11.83,35.25,27.83,-48.24,7,13.68
216,Gustav,Bergenstråle,,SWE,Open,11.67,27.44,18.74,-28.77,6,13.5
217,Conny,Skoog,const,SWE,Open,11.63,25.96,17.03,-25.13,9,13.45
218,Nathalie ''Nalla'',Berg,,SWE,Open,11.61,26.3,17.46,-26.08,7,13.43
219,Lorenz,Neumann,,SWE,Open,11.58,24.64,15.52,-21.93,12,13.39
220,Karl Magnus,Troedsson,,SWE,Open,11.55,26.31,17.54,-26.31,7,13.36
221,Jörgen,Karlfors,xfive,SWE,Open,11.42,25.48,16.7,-24.63,11,13.21
222,Christian,Swedeborg,,SWE,Open,11.38,23.55,14.47,-19.86,17,13.16
223,Mattias,Johannesdal,mmj,SWE,Open,11.36,29.36,21.38,-34.79,5,13.14
224,Richard,Hansson,puh,SWE,Open,11.35,31.69,24.17,-40.82,2,13.12
225,Jesper,Thelander,,SWE,Open,11.34,25.78,17.16,-25.7,12,13.12
226,Sebastian,Hahn,,SWE,Open,11.31,29.06,21.1,-34.23,4,13.08
227,Micko,Björck,eagle1,SWE,Open,11.1,23.5,14.73,-20.69,13,12.84
228,Thomas,Nygren,gutta1,SWE,Open,11.09,26.02,17.73,-27.19,9,12.83
229,Magnus,Appelkvist,kapten,SWE,Open,11.03,24.2,15.65,-22.74,12,12.76
230,Anders,Zander,masterwelder,SWE,Open,10.99,22.58,13.78,-18.75,20,12.71
231,Benny,Odenholt,,SWE,Open,10.98,25.76,17.57,-26.94,6,12.7
232,Jonas,Nilsson,sideburns,SWE,Open,10.8,22.98,14.47,-20.43,19,12.5
233,Joakim,Lindberg,,SWE,Open,10.69,28.47,21.13,-34.93,8,12.36
234,Jessica,Karlsson,baghera,SWE,Open,10.58,24.56,16.61,-25.27,12,12.24
235,Henrik,Randers,randers,SWE,Open,10.56,19.63,10.78,-12.7,26,12.21
236,Jimmy,Andersson,jimmboo,SWE,Open,10.55,26.54,18.99,-30.43,6,12.21
237,Ola,Forsberg,forsbergo,SWE,Open,10.55,27.48,20.11,-32.85,6,12.21
238,Christoffer,Hermansson,blastn01,SWE,Open,10.51,25.52,17.84,-28.0,8,12.16
239,Mike,Tutsch,miket,SWE,Open,10.5,26.37,18.85,-30.18,11,12.15
240,Erik,Willner,eriwil,SWE,Open,10.44,21.99,13.73,-19.19,20,12.07
241,Jimmy,Mård,jimmy,SWE,Open,10.31,33.41,27.44,-48.92,1,11.93
242,Kenny,Frohde,baggins,SWE,Open,10.3,28.82,22.0,-37.19,4,11.91
243,Pia,Clerté,superwoman,SWE,Open,10.29,26.23,18.94,-30.59,8,11.9
244,Erika,Härnström,revolvergurl,SWE,Open,10.21,25.43,18.08,-28.81,11,11.81
245,Björn,Mattsson,mattssons,SWE,Open,10.2,26.8,19.72,-32.37,6,11.8
246,Bo,Jansson,boaw,SWE,Open,10.15,24.7,17.28,-27.15,10,11.74
247,Pia,Nordquist,,SWE,Open,10.12,27.13,20.21,-33.5,4,11.71
248,Michael,Bjurshagen,mibj,SWE,Open,10.08,28.92,22.39,-38.24,5,11.65
249,Jesper,Dahlskog,dahlskog,SWE,Open,10.06,29.02,22.54,-38.59,4,11.63
250,Dan,Liljeström,liljestrom,SWE,Open,10.04,28.19,21.56,-36.48,6,11.62
251,Karl-Magnus,Troedsson,,SWE,Open,10.01,25.5,18.41,-29.72,6,11.58
252,Günther,Lindmark,coffeeman,SWE,Open,9.99,31.24,25.24,-44.48,3,11.56
253,JJ,Nilsson,jjnilsson,SWE,Open,9.97,28.99,22.59,-38.78,3,11.54
254,Robert Rob,Andersson,rad,SWE,Open,9.92,29.2,22.9,-39.51,4,11.48
255,Johan,Skogh,skogh,SWE,Open,9.9,33.12,27.59,-49.65,1,11.45
256,Håkan T,Söderholm,semperprimus,SWE,Open,9.88,25.87,19.0,-31.11,7,11.43
257,Stefan,Vålberg,valberg,SWE,Open,9.83,22.22,14.73,-21.96,12,11.37
258,Sven,Ytterell,,SWE,Open,9.77,26.21,19.53,-32.37,6,11.31
259,Pierre,N,norvsd,SWE,Open,9.76,25.53,18.73,-30.66,8,11.29
260,Tove,Wirström,tojjtojj,SWE,Open,9.62,26.02,19.49,-32.45,5,11.13
261,Jörgen,Sandberg,jojje74,SWE,Open,9.58,25.04,18.37,-30.07,8,11.08
262,Isak,Essebro,essebro,SWE,Open,9.51,27.95,21.91,-37.79,5,11.0
263,Jakob,Tollstorp,tollstorp,SWE,Open,9.46,25.39,18.93,-31.39,7,10.94
264,Örjan,Lundberg,iceman74,SWE,Open,9.37,26.26,20.06,-33.93,6,10.84
265,Martin,Bergman,mmaartin,SWE,Open,9.33,26.42,20.3,-34.48,5,10.8
266,Magnus,Pihlqvist,pilen,SWE,Open,9.3,27.27,21.35,-36.78,5,10.76
267,Stilianos,Simeonidis,,SWE,Open,9.23,24.51,18.15,-29.95,9,10.68
268,Jonas,Eriksson,leadmonger,SWE,Open,9.19,25.12,18.92,-31.66,9,10.63
269,Dennis,Fridström,,SWE,Open,9.08,25.38,19.36,-32.7,8,10.51
270,Pierre,Nordin,,SWE,Open,8.94,25.08,19.18,-32.45,10,10.34
271,Johan,Sundevall,,SWE,Open,8.87,26.41,20.85,-36.13,6,10.26
272,Mikael,Johansson,,SWE,Open,8.85,25.66,19.97,-34.24,9,10.24
273,Paul,Wood,woody,SWE,Open,8.79,25.38,19.71,-33.76,7,10.17
274,Peter,Nordlund,nord,SWE,Open,8.74,24.28,18.47,-31.13,9,10.11
275,Christian,E,,SWE,Open,8.72,25.58,20.03,-34.51,6,10.09
276,Henry,Joona,joonix,SWE,Open,8.64,25.9,20.51,-35.64,5,9.99
277,Patrik,Sundell,,SWE,Open,8.6,21.42,15.24,-24.29,19,9.94
278,Joel,Sundstedt,josu,SWE,Open,8.57,23.75,18.04,-30.36,11,9.91
279,Jan,Karlsson,jkjk,SWE,Open,8.54,23.64,17.95,-30.2,8,9.87
280,Johan,Bergh,,SWE,Open,8.5,25.02,19.63,-33.87,9,9.83
281,Eddie,Karlsson,silverjoker,SWE,Open,8.43,30.11,25.75,-47.15,2,9.75
282,Jörgen,Andersson,,SWE,Open,8.42,36.14,32.94,-62.67,3,9.74
283,Amin-Robert,Kassem,,SWE,Open,8.4,23.79,18.28,-31.07,7,9.72
284,Alexander,Bäckman,alxbeckman,SWE,Open,8.4,26.12,21.07,-37.07,5,9.71
285,Jorgen K,Andersson,jojje,SWE,Open,8.28,25.46,20.41,-35.76,14,9.58
286,Stefan,Didio,sd59,SWE,Open,8.25,23.44,18.04,-30.69,9,9.55
287,Jon,Hagstad,hagge,SWE,Open,8.23,25.73,20.79,-36.63,5,9.52
288,Jonas,Wallgren,junbao,SWE,Open,8.23,27.57,22.97,-41.35,4,9.52
289,Morten,Jörgensen,netromj,SWE,Open,8.2,22.24,16.68,-27.8,10,9.49
290,Alexander,Malmgård,,SWE,Open,8.17,25.11,20.12,-35.27,6,9.45
291,Axel,Rönquist,axelr,SWE,Open,8.13,27.03,22.46,-40.34,5,9.4
292,Thomas,Carlsson,,SWE,Open,8.09,24.76,19.8,-34.65,8,9.36
293,Daniel,Nilsson,dannyboy,SWE,Open,7.98,26.58,22.1,-39.73,6,9.23
294,Anders,Sterner,snowolverine,SWE,Open,7.93,24.87,20.13,-35.52,9,9.17
295,Kent,Stangvik,nordicraven,SWE,Open,7.92,27.8,23.62,-43.06,3,9.16
296,Peter,Freed,freed,SWE,Open,7.83,24.08,19.31,-33.85,7,9.05
297,Mattias,Wrande,,SWE,Open,7.78,25.73,21.33,-38.25,5,9.0
298,Max,Karlsson,maxhunter365,SWE,Open,7.64,21.09,15.98,-26.85,14,8.84
299,Mikael,Landstedt,mightymike,SWE,Open,7.49,32.0,29.12,-55.36,2,8.67
300,Peter,Eliasson,petereliasson,SWE,Open,7.41,28.45,25.01,-46.57,3,8.57
301,Peter,Af Geijerstam,p4fg,SWE,Open,7.37,26.51,22.75,-41.73,4,8.52
302,Robin,Östman,wox,SWE,Open,7.23,29.94,26.99,-51.03,2,8.36
303,Björn,Sjöberg,bjorns,SWE,Open,7.19,25.26,21.47,-39.15,7,8.32
304,Adam,Odgaard-Nexe,nexus,SWE,Open,7.19,31.83,29.28,-56.01,2,8.31
305,Robert,Pettersson,,SWE,Open,7.19,22.56,18.27,-32.24,10,8.31
306,Daniel,Hokkanen,setharakthe,SWE,Open,7.16,25.29,21.53,-39.32,5,8.28
307,Mats,Karlsson,yaps,SWE,Open,7.14,26.82,23.38,-43.33,6,8.26
308,Alexander,Sjöberg,grimner,SWE,Open,7.1,25.28,21.61,-39.54,6,8.21
309,Stefan,Eriksson,ster,SWE,Open,7.1,27.26,23.96,-44.62,5,8.21
310,Stefan,Siverud,stefans,SWE,Open,7.08,23.57,19.59,-35.19,7,8.19
311,Anders,Rothman,rothman,SWE,Open,7.07,21.43,17.06,-29.75,18,8.18
312,Andre,du Toit,andredutoit,SWE,Open,7.02,27.59,24.44,-45.73,3,8.12
313,Patrik,Lundin,pake,SWE,Open,6.98,23.7,19.87,-35.91,9,8.07
314,Andreas,Mångs,drokk,SWE,Open,6.97,25.02,21.46,-39.34,5,8.06
315,Richard,Lindström,richard,SWE,Open,6.93,24.55,20.93,-38.25,8,8.02
316,Anton,Molin,gibbster,SWE,Open,6.93,22.01,17.91,-31.73,10,8.02
317,Rikard,Brink,altie,SWE,Open,6.93,24.54,20.93,-38.25,6,8.01
318,Daniel,Larsson,swedan,SWE,Open,6.92,23.63,19.85,-35.92,6,8.01
319,Peder,Nilsson,,SWE,Open,6.8,25.38,22.08,-40.86,4,7.86
320,Leif,Hagberg,vsop,SWE,Open,6.74,24.35,20.92,-38.43,7,7.79
321,Daniel,Stodola,stodde,SWE,Open,6.71,19.4,15.08,-25.84,16,7.76
322,Urban,Moorman-h,ubeksd,SWE,Open,6.68,26.83,23.94,-45.0,3,7.72
323,Leif,Ankarsköld,greven,SWE,Open,6.67,26.38,23.41,-43.86,3,7.72
324,Orjan,Magnusson,60plus,SWE,Open,6.61,23.47,20.03,-36.63,10,7.65
325,Anders,Dahlberg,hungry,SWE,Open,6.6,26.62,23.79,-44.75,3,7.63
326,Mikael,Östling,pergite,SWE,Open,6.49,31.92,30.21,-58.72,6,7.51
327,Alexander,Wagman,wagner,SWE,Open,6.49,23.83,20.61,-37.99,6,7.5
328,Markus,Lindström,recoil,SWE,Open,6.41,30.04,28.07,-54.18,1,7.42
329,Matts,Lindberg,,SWE,Open,6.36,23.65,20.55,-37.99,7,7.36
330,Matthieu,Marchand,tokamatt,SWE,Open,6.35,24.53,21.59,-40.25,5,7.35
331,Victor,Lloyd,lloyd,SWE,Open,6.27,25.83,23.24,-43.89,4,7.25
332,Patrick,Johansson,,SWE,Open,6.24,24.52,21.72,-40.65,6,7.21
333,Peter,Johansson,,SWE,Open,6.15,23.67,20.82,-38.79,6,7.12
334,Daniel,Lundström,,SWE,Open,6.09,26.09,23.76,-45.2,5,7.04
335,Kai,Koskinen,kaikos,SWE,Open,5.98,26.12,23.93,-45.67,3,6.92
336,Carl,Engström,carlaj,SWE,Open,5.98,24.84,22.41,-42.4,5,6.92
337,Thomas,Höglund,,SWE,Open,5.95,24.04,21.5,-40.45,6,6.88
338,Roger,W***,majtii,SWE,Open,5.94,24.52,22.08,-41.72,3,6.87
339,Hugo,Källner,asfalt,SWE,Open,5.91,29.39,27.9,-54.3,3,6.84
340,Ivar,Kaneröd,,SWE,Open,5.91,18.97,15.52,-27.6,15,6.83
341,Andreas,Sandström,sand,SWE,Open,5.87,26.28,24.25,-46.47,3,6.79
342,William,Parhammar,thelaw,SWE,Open,5.87,25.97,23.89,-45.69,3,6.79
343,Johan,Kvande,kvande,SWE,Open,5.85,24.79,22.51,-42.73,5,6.77
344,Claus,Strömquist,seav8r,SWE,Open,5.81,23.07,20.51,-38.47,7,6.72
345,Erik,Fjellström,,SWE,Open,5.8,28.61,27.09,-52.68,1,6.71
346,Hansi,Jarosch,hansi,SWE,Open,5.79,26.11,24.14,-46.32,2,6.7
347,Johan,Tuhkunen,mrjohan,SWE,Open,5.78,24.86,22.67,-43.14,5,6.69
348,Toomas,Saar,,SWE,Open,5.73,24.61,22.44,-42.7,4,6.63
349,Urban,Edman,ubeksd,SWE,Open,5.69,25.3,23.3,-44.61,5,6.58
350,Fredrik,Johansson,tummen,SWE,Open,5.68,23.43,21.08,-39.82,7,6.57
351,Pontus,Persson,poppowisch,SWE,Open,5.67,24.48,22.34,-42.55,5,6.56
352,Roland,Carlsson,nubben,SWE,Open,5.6,23.79,21.62,-41.06,6,6.47
353,Marcus,Sjögren,sandwich,SWE,Open,5.57,25.82,24.06,-46.37,3,6.44
354,Ronnie,Mörth,,SWE,Open,5.54,26.18,24.52,-47.39,3,6.41
355,jan,larsson,janc,SWE,Open,5.53,23.12,20.9,-39.59,8,6.39
356,Axel,Harrysson,,SWE,Open,5.5,25.41,23.65,-45.55,3,6.36
357,Håkan,Spuhr,,SWE,Open,5.5,25.29,23.52,-45.26,10,6.36
358,Wille,E,,SWE,Open,5.5,25.42,23.67,-45.59,4,6.36
359,Tobias,Andersson,,SWE,Open,5.48,22.87,20.66,-39.11,6,6.34
360,Mattias,Haglund,,SWE,Open,5.47,24.7,22.85,-43.85,5,6.32
361,Linus,H,linush,SWE,Open,5.4,25.97,24.45,-47.37,2,6.24
362,Göran,Wallström,wallis,SWE,Open,5.39,26.21,24.74,-48.01,3,6.24
363,Joakim,Blomberg,,SWE,Open,5.39,24.76,23.02,-44.3,4,6.23
364,Johan,Lindberg,,SWE,Open,5.36,28.13,27.05,-53.03,9,6.2
365,Kristoffer,Elander,krees,SWE,Open,5.35,25.74,24.22,-46.93,3,6.19
366,Jani,Myllärinen,jani,SWE,Open,5.32,24.92,23.29,-44.96,5,6.15
367,Gabriel,Hübinette,cerastes,SWE,Open,5.26,24.64,23.03,-44.43,5,6.09
368,Marcus,Blomqvist,dynamitarden,SWE,Open,5.2,24.73,23.2,-44.88,5,6.02
369,Ulf,Larsson,gaisakefeskeboxa,SWE,Open,5.16,24.39,22.85,-44.15,6,5.97
370,Chris,Nordlund,,SWE,Open,5.16,26.61,25.48,-49.84,2,5.97
371,Patrik,Bengtsson,,SWE,Open,5.14,22.28,20.36,-38.8,6,5.95
372,Marcus,Madsen,mrslimandfast,SWE,Open,5.12,28.25,27.48,-54.19,1,5.93
373,Carl,Danielson,,SWE,Open,5.08,25.33,24.06,-46.85,5,5.88
374,Jonas,Björk,whistler,SWE,Open,5.07,21.67,19.73,-37.51,7,5.87
375,Hamza,Jansson,greathamza,SWE,Open,5.03,22.66,20.95,-40.19,7,5.82
376,Stefan,Bengtsson,stiffe,SWE,Open,4.98,25.36,24.22,-47.3,3,5.76
377,Edvard,Holm,edvardholm,SWE,Open,4.97,24.7,23.45,-45.64,4,5.75
378,Martin,Davoust,davoust,SWE,Open,4.97,26.09,25.1,-49.21,2,5.75
379,Tobias,Ackeborn,,SWE,Open,4.96,24.95,23.76,-46.32,3,5.73
380,Mikael,Bergqvist,mikebike,SWE,Open,4.93,25.02,23.87,-46.59,5,5.7
381,Per,Rosendahl,rosen,SWE,Open,4.93,22.85,21.3,-41.05,6,5.7
382,Ronny,Holmberg,starfighter,SWE,Open,4.88,20.52,18.58,-35.22,10,5.65
383,Erik,Isacsson,,SWE,Open,4.72,24.38,23.36,-45.7,4,5.46
384,Ulf,Nygren,,SWE,Open,4.69,23.69,22.57,-44.03,4,5.42
385,Marianne,Schön,marsch,SWE,Open,4.64,25.02,24.22,-47.63,5,5.36
386,Johan,Roijer,giffin,SWE,Open,4.62,24.63,23.78,-46.71,10,5.34
387,Christopher,Oltnäs,varangian,SWE,Open,4.61,21.36,19.9,-38.33,8,5.34
388,Glenn,Vennberg,,SWE,Open,4.59,23.81,22.84,-44.7,5,5.31
389,Johan,Wahlberg,,SWE,Open,4.55,24.37,23.55,-46.29,3,5.26
390,Jesper,Lindblom,jesperl,SWE,Open,4.52,25.46,24.89,-49.19,3,5.23
391,Fredrik,Ulfhielm,,SWE,Open,4.5,24.89,24.23,-47.79,3,5.21
392,Robert,Börjesson,rob79,SWE,Open,4.5,29.89,30.17,-60.62,1,5.2
393,Pontus,Corax,poppowisch,SWE,Open,4.48,24.53,23.82,-46.94,3,5.19
394,Hector,Castillo,,SWE,Open,4.48,24.22,23.45,-46.13,4,5.18
395,STEPHEN,NotKnown,45acp,SWE,Open,4.47,24.6,23.92,-47.15,4,5.17
396,Christian,Backman,,SWE,Open,4.47,26.84,26.58,-52.9,1,5.17
397,Jonas,R Sthlm,,SWE,Open,4.44,24.79,24.18,-47.76,3,5.14
398,Dan,Bennäs,,SWE,Open,4.43,22.97,22.03,-43.11,5,5.13
399,Rasmus,Olausson,mapuf,SWE,Open,4.38,23.29,22.48,-44.13,4,5.06
400,Linda,Påhlman,linda,SWE,Open,4.37,25.22,24.77,-49.09,4,5.05
401,Jesper,Håkansson,jpha,SWE,Open,4.35,24.54,23.99,-47.42,4,5.03
402,Robert,Tennisberg,rangerrob,SWE,Open,4.25,24.8,24.42,-48.47,3,4.91
403,Henrik,S,,SWE,Open,4.24,25.19,24.89,-49.48,3,4.91
404,Mikael,Hjelm,,SWE,Open,4.24,25.1,24.78,-49.25,4,4.91
405,Reine,Oxfält,oxen,SWE,Open,4.21,25.77,25.61,-51.07,2,4.87
406,Christopher,Hellsberg,,SWE,Open,4.18,24.39,24.0,-47.63,3,4.84
407,Dennis,Andersson,,SWE,Open,4.14,25.01,24.79,-49.35,4,4.79
408,Peter,Stavling,peter997s,SWE,Open,4.14,24.72,24.45,-48.63,5,4.79
409,Frederic,Nilsson,scorpan,SWE,Open,4.14,25.92,25.89,-51.74,2,4.79
410,Johan,Appelkvist,appeal,SWE,Open,4.14,24.36,24.03,-47.73,4,4.78
411,Mathias,Gunnarsson,gugge,SWE,Open,4.13,24.0,23.61,-46.82,4,4.78
412,Viktor,E,,SWE,Open,4.11,24.62,24.37,-48.48,3,4.75
413,Robert,Westerberg,bobbiew,SWE,Open,4.1,24.46,24.2,-48.13,3,4.74
414,Rolf,Albers,slaktarfan,SWE,Open,4.09,25.19,25.07,-50.01,3,4.74
415,Mats,Parhammar,mapa,SWE,Open,4.05,25.33,25.28,-50.52,4,4.69
416,Timur,Lundholm,timpa,SWE,Open,4.04,26.52,26.71,-53.61,1,4.68
417,Gustaf,Olsson,gurra,SWE,Open,4.02,23.37,22.98,-45.59,5,4.65
418,Alf,Bohman,affe,SWE,Open,4.02,28.5,29.09,-58.77,1,4.64
419,Thomas,Möllerberg,1familyman,SWE,Open,3.98,23.98,23.76,-47.3,4,4.61
420,Hänry,Bengtsson,hanry1536,SWE,Open,3.93,25.15,25.21,-50.48,2,4.55
421,Fredrik,Petersson,,SWE,Open,3.88,25.26,25.4,-50.94,2,4.49
422,Peder,Schütt,,SWE,Open,3.88,23.39,23.18,-46.14,4,4.49
423,Robert,Johansson,rj84,SWE,Open,3.88,26.98,27.45,-55.38,1,4.49
424,Viktor,Engberg,,SWE,Open,3.85,25.05,25.2,-50.53,2,4.45
425,Stefan,Persson,stiipen,SWE,Open,3.83,23.32,23.16,-46.17,5,4.42
426,Simos,Sapranidis,simonsays,SWE,Open,3.78,24.41,24.51,-49.13,4,4.37
427,Per,Nilson,per,SWE,Open,3.78,25.05,25.27,-50.77,3,4.37
428,Calvin,Yu,,SWE,Open,3.78,24.79,24.96,-50.1,3,4.37
429,Vilhelm,Hallstrom,mirage,SWE,Open,3.77,24.37,24.47,-49.04,5,4.37
430,Joakim,Bonde,,SWE,Open,3.77,24.83,25.03,-50.25,2,4.36
431,Alfred,Pons,,SWE,Open,3.74,24.59,24.77,-49.72,6,4.33
432,Björn,Elfving,,SWE,Open,3.74,25.53,25.89,-52.13,2,4.33
433,Luigi,de Barone,2alfa,SWE,Open,3.71,23.71,23.76,-47.58,4,4.29
434,Tony,Johansson,alien555,SWE,Open,3.65,25.41,25.86,-52.16,2,4.22
435,Tommy,Govik,,SWE,Open,3.62,24.46,24.76,-49.81,4,4.19
436,Örjan,L,iceman74,SWE,Open,3.62,24.66,25.0,-50.35,3,4.18
437,Erik,Lindström,orca,SWE,Open,3.61,24.48,24.8,-49.92,6,4.17
438,Daniel,Saxin,,SWE,Open,3.57,24.64,25.04,-50.47,2,4.12
439,"Karl-Magnus ""KM""",Troedsson,,SWE,Open,3.51,25.9,26.61,-53.91,1,4.06
440,Jenny,Bäckman,lizzieluz,SWE,Open,3.51,22.11,22.11,-44.2,7,4.06
441,ulf,lundqvist,,SWE,Open,3.49,25.79,26.5,-53.7,5,4.04
442,Viktor,Sjöberg,,SWE,Open,3.49,23.21,23.43,-47.08,5,4.04
443,Stefan,Vestman,vestman,SWE,Open,3.45,24.96,25.56,-51.71,3,3.99
444,Kai,Rämö,kai,SWE,Open,3.41,25.51,26.26,-53.26,2,3.95
445,Mikael,Norberg,sportshooter,SWE,Open,3.4,24.11,24.61,-49.71,3,3.94
446,Kevin,Kirk,kpk,SWE,Open,3.39,24.81,25.45,-51.54,2,3.92
447,Carl-Filip,Björk,kalle,SWE,Open,3.38,24.81,25.46,-51.58,2,3.91
448,Anders,P,lanyc,SWE,Open,3.37,24.87,25.55,-51.77,2,3.9
449,Erik,Johansson,agerik,SWE,Open,3.34,24.54,25.2,-51.05,5,3.86
450,Mika,Eskelinen,,SWE,Open,3.32,25.55,26.4,-53.67,2,3.85
451,Jens,Nordlund,jjtb,SWE,Open,3.28,24.09,24.73,-50.09,3,3.79
452,Robert,Nordström,robertray,SWE,Open,3.25,25.57,26.52,-53.99,2,3.76
453,Gustav,Steneholm,gstene,SWE,Open,3.22,25.12,26.02,-52.93,2,3.73
454,Tobias,Bergkvist,lillomeister,SWE,Open,3.21,24.73,25.57,-51.97,2,3.72
455,Jesper,Malmberg,jesper,SWE,Open,3.2,25.12,26.05,-53.02,2,3.7
456,Erik,Kjellberg,,SWE,Open,3.19,25.22,26.17,-53.3,3,3.69
457,stefan,melmblom,sm1,SWE,Open,3.17,25.03,25.97,-52.89,4,3.66
458,Marcus,Johansson,,SWE,Open,3.17,24.18,24.96,-50.71,3,3.66
459,Mika,Orava,cephid,SWE,Open,3.14,24.18,24.99,-50.8,3,3.64
460,Patric,Hedberg,gungnir,SWE,Open,3.12,23.4,24.1,-48.91,3,3.6
461,Fabian,Landgren,,SWE,Open,3.11,23.86,24.66,-50.11,4,3.6
462,Simon,Sapranidis,simonsays,SWE,Open,3.11,20.49,20.66,-41.49,8,3.59
463,Niklas,Sjöberg,xact,SWE,Open,3.1,25.17,26.23,-53.51,2,3.58
464,Mika,Honkavuo,citizenx,SWE,Open,3.08,23.69,24.49,-49.78,4,3.57
465,Teodoros,Chatzissavidis,satan,SWE,Open,3.08,24.98,26.03,-53.09,8,3.56
466,Jimmy,With,with,SWE,Open,3.05,25.97,27.23,-55.72,1,3.53
467,Jonas,Jonsson,,SWE,Open,3.04,22.76,23.43,-47.55,4,3.51
468,Tommy,G,soe,SWE,Open,3.01,24.95,26.07,-53.26,2,3.48
469,Daniel,Ramnefors,,SWE,Open,2.99,23.82,24.75,-50.42,3,3.46
470,Mats,Belin,donmatso,SWE,Open,2.99,25.31,26.53,-54.27,2,3.46
471,Johan,Bogg,docj,SWE,Open,2.96,23.66,24.59,-50.12,3,3.43
472,Vilhelm,Haström,mirage,SWE,Open,2.96,25.48,26.76,-54.81,2,3.42
473,Thomas,Sjunnesson,werops,SWE,Open,2.96,23.82,24.79,-50.55,4,3.42
474,Don Plomo,Helin,donplomo,SWE,Open,2.93,22.03,22.69,-46.04,6,3.39
475,Olle,Lindskog,olle,SWE,Open,2.93,24.13,25.18,-51.42,3,3.39
476,Patrik,Gustavsson,,SWE,Open,2.9,24.92,26.16,-53.57,5,3.35
477,Jimmy,Svensson,,SWE,Open,2.89,27.15,28.83,-59.33,2,3.34
478,Ola,S,,SWE,Open,2.87,24.9,26.17,-53.61,2,3.32
479,Alexander,Corax,grimner,SWE,Open,2.87,25.3,26.65,-54.65,2,3.32
480,Kim,Karlsson,,SWE,Open,2.86,25.7,27.14,-55.71,1,3.31
481,William,Gjerulf,,SWE,Open,2.86,26.28,27.83,-57.21,3,3.31
482,Joakim,Svensson,gadgeten,SWE,Open,2.86,24.79,26.07,-53.4,2,3.3
483,Oscar,Krook,platemate,SWE,Open,2.85,24.98,26.3,-53.91,2,3.29
484,Ola,Nilsson,xa180,SWE,Open,2.85,22.16,22.95,-46.69,10,3.29
485,Andreas,Wredendal,,SWE,Open,2.83,26.08,27.63,-56.8,1,3.27
486,Marcus,Magnil,mrzphinx,SWE,Open,2.83,25.64,27.1,-55.67,1,3.27
487,Björn,Rickan,brickan,SWE,Open,2.83,24.66,25.95,-53.18,2,3.27
488,Johan,Fälth,,SWE,Open,2.82,25.65,27.13,-55.75,1,3.26
489,Patrik,Andersson,pat,SWE,Open,2.77,21.56,22.32,-45.41,6,3.21
490,Fredrik,Fälth,frefa,SWE,Open,2.76,24.26,25.54,-52.37,2,3.2
491,Björn,Elfvin,bjoelf,SWE,Open,2.72,24.13,25.44,-52.19,2,3.15
492,Andreas,Granberg,roadrunner,SWE,Open,2.72,25.26,26.78,-55.07,3,3.15
493,Kristian,Säkki,sakki,SWE,Open,2.72,25.48,27.05,-55.67,2,3.14
494,Jonas,Bengtsson,,SWE,Open,2.7,25.52,27.11,-55.83,1,3.12
495,Mikael,Karlsson,femte,SWE,Open,2.68,24.17,25.54,-52.44,4,3.1
496,Henrik,Ryhle,stankyhank,SWE,Open,2.67,24.12,25.49,-52.34,2,3.09
497,Freddan,Lif,freddan,SWE,Open,2.66,22.3,23.33,-47.7,4,3.08
498,Patrik,Gren,,SWE,Open,2.64,26.7,28.58,-59.05,8,3.06
499,Pierre,Pilstål,,SWE,Open,2.63,25.27,26.91,-55.45,2,3.04
500,Mikael,Jansson,mister45,SWE,Open,2.62,24.71,26.25,-54.03,2,3.03
501,Björn,Ferm,,SWE,Open,2.61,24.81,26.37,-54.31,1,3.02
502,Daniel,Hansson,,SWE,Open,2.59,26.15,27.98,-57.8,1,3.0
503,Joel,Salmonsson,,SWE,Open,2.58,24.76,26.35,-54.29,2,2.99
504,Daniel,Olsson,danielolsson,SWE,Open,2.58,16.79,16.88,-33.86,12,2.98
505,Niclas,Seydlitz,bossebus,SWE,Open,2.58,24.56,26.13,-53.81,2,2.98
506,Amel,Osmanovic,amelo,SWE,Open,2.57,25.34,27.06,-55.83,1,2.97
507,Hans,Lindberg,utgard,SWE,Open,2.57,24.62,26.2,-53.97,2,2.97
508,Martin,Iversen,gbgrape,SWE,Open,2.56,25.86,27.68,-57.18,1,2.96
509,Petter,Kjellsson,petterk,SWE,Open,2.54,25.05,26.74,-55.19,2,2.94
510,Christofer,Mo,molle,SWE,Open,2.52,25.16,26.89,-55.53,1,2.92
511,Filip,Muzinic,dykarfilip,SWE,Open,2.51,23.66,25.14,-51.74,3,2.9
512,Mathias,Adolfsson,mathiasa,SWE,Open,2.5,26.48,28.49,-58.99,1,2.89
513,Christian,Luckmann,elespecia,SWE,Open,2.48,24.16,25.76,-53.12,5,2.87
514,Fredrik,Sik,,SWE,Open,2.48,22.31,23.56,-48.38,5,2.87
515,Jonas,Reimers,jr1,SWE,Open,2.47,24.6,26.3,-54.29,2,2.86
516,Sandra,Arbinger,bilbo,SWE,Open,2.45,25.4,27.27,-56.41,1,2.83
517,Andreas,Lidberg,lidberg,SWE,Open,2.42,24.33,26.03,-53.77,2,2.8
518,Patrick,Bongart,soulshine,SWE,Open,2.41,25.98,28.0,-58.04,1,2.78
519,Hans,Wallstedt,dallas68,SWE,Open,2.38,25.06,26.95,-55.78,4,2.76
520,Kjell,Persson,,SWE,Open,2.38,24.53,26.32,-54.42,2,2.76
521,Dennis,Edman,netnut,SWE,Open,2.37,24.95,26.83,-55.53,2,2.74
522,Andreas,Sandberg,sandarn,SWE,Open,2.37,25.17,27.09,-56.09,3,2.74
523,Tom,Silverklo,,SWE,Open,2.36,24.61,26.43,-54.69,3,2.73
524,Dennis,Husell,,SWE,Open,2.35,24.81,26.69,-55.26,2,2.71
525,Urban,J,,SWE,Open,2.34,24.19,25.96,-53.7,2,2.7
526,Jens,Lindström Lönn,ulvhedin,SWE,Open,2.32,25.29,27.29,-56.57,1,2.69
527,Frederic,Lindahl,fredda,SWE,Open,2.32,25.79,27.88,-57.85,1,2.69
528,Anders,Holstensson,,SWE,Open,2.32,25.03,26.99,-55.95,3,2.68
529,Ulf,Lindeberg,procto,SWE,Open,2.31,24.91,26.85,-55.64,3,2.68
530,Anders,Bengtsson,abe75,SWE,Open,2.3,25.13,27.13,-56.26,1,2.66
531,Oscar,Cederqvist,,SWE,Open,2.29,25.16,27.18,-56.36,1,2.65
532,John,Bauer,johnrambo,SWE,Open,2.29,25.91,28.06,-58.28,1,2.65
533,Matilda,Sundqvist,sundqvist,SWE,Open,2.27,25.42,27.5,-57.08,1,2.63
534,Jurian,Van Der Knaap,,SWE,Open,2.27,24.63,26.57,-55.08,2,2.62
535,Börre,Böresen,,SWE,Open,2.26,24.03,25.86,-53.55,3,2.62
536,Alek,Trawicki,trawicki,SWE,Open,2.26,25.09,27.12,-56.28,1,2.62
537,Madlene,Dahlskog,maddefia,SWE,Open,2.26,24.22,26.1,-54.07,3,2.62
538,Niklas,Johansson,keeper,SWE,Open,2.26,23.38,25.09,-51.9,3,2.61
539,Nina,Meranius,filini,SWE,Open,2.25,24.3,26.2,-54.29,2,2.6
540,Peter,Norrthon,,SWE,Open,2.25,24.64,26.6,-55.17,1,2.6
541,Martin,Hedlund,hedlund,SWE,Open,2.23,24.5,26.46,-54.87,2,2.58
542,Villgot,Englund,,SWE,Open,2.23,23.94,25.79,-53.44,3,2.58
543,Joakim,Svahn,,SWE,Open,2.22,25.09,27.17,-56.42,1,2.57
544,Aleksander,Trawicki,trawicki,SWE,Open,2.22,25.54,27.71,-57.59,1,2.57
545,Roger,Persson,rogge,SWE,Open,2.21,19.49,20.54,-42.12,7,2.55
546,Staffan,Liljestrand,ozz,SWE,Open,2.13,24.3,26.34,-54.72,3,2.47
547,christopher,gjerulf,,SWE,Open,2.13,24.89,27.04,-56.23,4,2.46
548,Jonny,Jonasson,,SWE,Open,2.11,25.61,27.92,-58.14,1,2.44
549,Tobias,Bestelid,vagabond,SWE,Open,2.09,25.73,28.09,-58.53,1,2.42
550,Jan,Tirfing,tirre,SWE,Open,2.09,25.1,27.34,-56.92,1,2.42
551,Henrik,Berg,berg76,SWE,Open,2.07,24.89,27.11,-56.44,2,2.4
552,Ola,Knutsson,hex,SWE,Open,2.07,24.19,26.28,-54.66,3,2.39
553,Mathias,Engstrand,,SWE,Open,2.06,26.39,28.91,-60.34,5,2.38
554,Kenny,F,baggins,SWE,Open,2.04,24.88,27.14,-56.53,2,2.36
555,Alexander,Atle,alexander,SWE,Open,2.04,25.01,27.29,-56.87,1,2.36
556,Kyrre,Lee,bombom,SWE,Open,2.03,25.29,27.64,-57.62,1,2.35
557,Daniel,Mowbray,,SWE,Open,2.02,24.97,27.27,-56.83,2,2.34
558,jaakko,kangasvieri,jaakkok,SWE,Open,2.02,25.56,27.97,-58.35,2,2.33
559,Mathias,Duppils,,SWE,Open,2.01,26.5,29.09,-60.78,1,2.33
560,Pär,Lundgren,snurre,SWE,Open,2.01,25.02,27.33,-56.98,2,2.33
561,Benny,Nilsson,,SWE,Open,2.0,25.11,27.45,-57.24,1,2.32
562,Stefan,Nordh,spiderpriest,SWE,Open,2.0,23.78,25.88,-53.84,2,2.32
563,Amer,Balic,,SWE,Open,1.99,25.05,27.4,-57.16,1,2.3
564,Peter,Rödseth,roedseth,SWE,Open,1.98,25.36,27.78,-57.98,2,2.29
565,Charlie,Andersson,challe,SWE,Open,1.97,25.07,27.45,-57.27,1,2.28
566,Sofia,Dohmen,sofia,SWE,Open,1.97,24.01,26.19,-54.55,4,2.28
567,Thette,Holmberg,misspurple,SWE,Open,1.97,22.85,24.81,-51.57,4,2.28
568,Lars,Ackehed,,SWE,Open,1.95,25.18,27.59,-57.61,2,2.26
569,Kim,Falkenback,,SWE,Open,1.95,24.81,27.17,-56.68,1,2.25
570,Per,Ekelund,ekis,SWE,Open,1.95,24.87,27.24,-56.85,1,2.25
571,Patrik,Carlsson,modestyblaise,SWE,Open,1.94,25.24,27.68,-57.79,1,2.25
572,Thomas,Eldenek,tel,SWE,Open,1.93,24.91,27.31,-57.01,3,2.23
573,Douglas,Swanmark,,SWE,Open,1.91,25.12,27.58,-57.61,1,2.21
574,Julian,A,manowar,SWE,Open,1.91,24.13,26.4,-55.07,2,2.21
575,Martin,Orbeus,,SWE,Open,1.88,24.68,27.09,-56.59,1,2.18
576,Kristofer,Larsen,bruno02,SWE,Open,1.88,25.02,27.5,-57.47,1,2.18
577,Carl,Gustafsson,,SWE,Open,1.87,25.21,27.73,-57.97,1,2.17
578,Tomas,Hermander,glock4u,SWE,Open,1.87,25.29,27.83,-58.19,9,2.16
579,Markus,Frohm,,SWE,Open,1.87,24.68,27.1,-56.63,1,2.16
580,Anton,Dahlin,eagleeyes,SWE,Open,1.87,25.05,27.55,-57.6,1,2.16
581,Mattias,Lindén,saittam,SWE,Open,1.86,23.83,26.11,-54.49,3,2.15
582,Håkan,Eriksson,,SWE,Open,1.86,25.1,27.62,-57.75,1,2.15
583,Robin,Lennartsson,lugerpastorn,SWE,Open,1.84,24.66,27.11,-56.67,1,2.13
584,William,Sandström,wucs,SWE,Open,1.82,24.81,27.31,-57.12,1,2.11
585,Sven-Erik,Hurtig,,SWE,Open,1.82,25.15,27.72,-58.01,1,2.11
586,Martin,Pärnaste,scottglenn,SWE,Open,1.8,24.68,27.18,-56.86,3,2.09
587,Herr,Larsson,,SWE,Open,1.79,24.8,27.34,-57.21,1,2.07
588,Rocco,Biasi,,SWE,Open,1.79,25.05,27.64,-57.87,1,2.07
589,Linus,W,dirren,SWE,Open,1.78,25.3,27.95,-58.54,1,2.06
590,Robin,Hennix,,SWE,Open,1.78,25.2,27.83,-58.28,1,2.06
591,Henrik,Sandsten,,SWE,Open,1.78,25.44,28.12,-58.91,1,2.05
592,Andreas,Ege,karutchi,SWE,Open,1.77,25.5,28.19,-59.06,1,2.05
593,Adam,Lindholm,adaml,SWE,Open,1.77,25.96,28.75,-60.28,1,2.05
594,Miranda,Bjurshagen,,SWE,Open,1.74,25.12,27.77,-58.21,1,2.02
595,Edward,Fenn,edfe,SWE,Open,1.73,25.47,28.2,-59.13,1,2.01
596,Aleksander,NotKnown,alex76,SWE,Open,1.72,24.19,26.69,-55.89,3,1.99
597,Markus,Dannberg,bula,SWE,Open,1.71,22.18,24.32,-50.78,5,1.98
598,Håkan,Myrsell,,SWE,Open,1.71,25.08,27.77,-58.23,1,1.98
599,Peter,Björnstedt,peterb,SWE,Open,1.71,23.04,25.35,-53.01,5,1.97
600,Olof,Larsson,,SWE,Open,1.69,24.98,27.67,-58.04,1,1.96
601,Håkan,Danielsson,,SWE,Open,1.67,24.93,27.63,-57.97,1,1.93
602,Jan Oskar,Granath,,SWE,Open,1.67,25.17,27.93,-58.62,1,1.93
603,Patrik,Spett,,SWE,Open,1.66,24.62,27.28,-57.21,1,1.92
604,Fredrik,Lindén,tacbeardedman,SWE,Open,1.65,27.43,30.63,-64.46,1,1.91
605,Johann,Ramsauer,ramsauer,SWE,Open,1.65,24.53,27.19,-57.03,2,1.91
606,Andy,Persson,,SWE,Open,1.64,25.25,28.05,-58.89,1,1.9
607,Christian,Woronin,,SWE,Open,1.61,24.72,27.46,-57.65,2,1.86
608,Bengt,Alverborg,,SWE,Open,1.61,24.94,27.72,-58.21,1,1.86
609,Christian,Forslind,celcius,SWE,Open,1.6,25.1,27.92,-58.65,1,1.85
610,Rasmus,Jägbrant,,SWE,Open,1.6,24.7,27.45,-57.65,1,1.85
611,Daniel,Padellaro,hooja,SWE,Open,1.59,25.26,28.12,-59.11,1,1.84
612,Georgios,Karassas,,SWE,Open,1.58,24.47,27.19,-57.11,2,1.83
613,Magnus,Sjöberg,qm343,SWE,Open,1.55,25.0,27.85,-58.56,1,1.8
614,Johan,P,cephyr,SWE,Open,1.54,24.76,27.59,-58.0,2,1.78
615,Mats,Salomonsson,matsihagen,SWE,Open,1.53,24.86,27.71,-58.28,1,1.77
616,Gabriel,Svensson,,SWE,Open,1.53,25.07,27.97,-58.85,1,1.77
617,Nicke,Höckerbo,,SWE,Open,1.52,24.87,27.73,-58.34,1,1.76
618,Georg,Beckman,jojje,SWE,Open,1.52,24.73,27.58,-58.01,1,1.76
619,Niklas,Magnusson,fastnaccurate,SWE,Open,1.52,24.76,27.61,-58.08,1,1.76
620,Carolina,Antikainen,carro,SWE,Open,1.51,25.55,28.56,-60.13,1,1.75
621,Per-Eric,Klingstedt,klingan,SWE,Open,1.48,24.99,27.93,-58.81,1,1.72
622,Stefan,Reinhammar,thehammer,SWE,Open,1.47,24.83,27.76,-58.45,1,1.7
623,Jonnie,Nilsson,nilsson,SWE,Open,1.47,22.88,25.45,-53.46,4,1.7
624,Joakim,Stralje,frolomp,SWE,Open,1.45,25.33,28.37,-59.79,1,1.68
625,Damir,Ahmetovic,damaxir,SWE,Open,1.45,24.98,27.95,-58.87,1,1.68
626,Alexander,Stankovic,sasa,SWE,Open,1.44,26.47,29.74,-62.75,6,1.67
627,Patrik,Danielsson,,SWE,Open,1.43,25.15,28.18,-59.4,1,1.66
628,Emil,Söderling,,SWE,Open,1.43,24.89,27.87,-58.73,1,1.66
629,jimmy,thörnberg,,SWE,Open,1.43,24.94,27.93,-58.86,3,1.65
630,Joel,Nilsson,,SWE,Open,1.43,24.94,27.94,-58.89,1,1.65
631,Andy,Odd,mrandy,SWE,Open,1.43,24.22,27.08,-57.03,1,1.65
632,Carl,Tullberg,,SWE,Open,1.42,24.7,27.67,-58.29,1,1.64
633,Lars,Andreasson,land,SWE,Open,1.41,24.87,27.88,-58.77,1,1.63
634,Kenny,Axelsson,,SWE,Open,1.41,24.86,27.87,-58.74,1,1.63
635,Kent,Westin,,SWE,Open,1.41,25.07,28.12,-59.28,1,1.63
636,Tore,Frantz,toref,SWE,Open,1.4,24.76,27.76,-58.5,1,1.62
637,Linus,Vallin,,SWE,Open,1.39,24.89,27.92,-58.86,1,1.61
638,Per,Elovsson,,SWE,Open,1.39,25.13,28.2,-59.48,1,1.61
639,Per,Olsson,najanaja,SWE,Open,1.39,24.44,27.38,-57.72,1,1.61
640,Jesper,Karlsson,,SWE,Open,1.38,25.11,28.2,-59.49,1,1.6
641,Ella,Olsson,ella,SWE,Open,1.38,24.97,28.03,-59.13,1,1.6
642,Philip,Kimgård,,SWE,Open,1.37,25.41,28.56,-60.26,1,1.59
643,Mikael,Sundström,,SWE,Open,1.36,25.01,28.1,-59.3,1,1.57
644,Per,Diesen,,SWE,Open,1.35,24.88,27.96,-58.99,1,1.56
645,Lars,Sjöström,larsa,SWE,Open,1.35,25.34,28.51,-60.19,1,1.56
646,Håkan,Hedlöf,murarn,SWE,Open,1.35,25.07,28.19,-59.51,1,1.56
647,Mikael,Fredar,,SWE,Open,1.34,24.31,27.29,-57.55,1,1.56
648,Erik,Sandell,sandell,SWE,Open,1.34,25.0,28.11,-59.34,1,1.55
649,Niklas,Eriksson,swe3675,SWE,Open,1.34,25.78,29.03,-61.32,1,1.55
650,Christoffer,Glinge,,SWE,Open,1.34,24.81,27.89,-58.86,1,1.55
651,Peder,Lundkvist,pioneer,SWE,Open,1.32,25.41,28.61,-60.44,1,1.53
652,Joakim,Eriksson,1337,SWE,Open,1.32,25.3,28.48,-60.15,1,1.53
653,Joakim,Skogner,skogner,SWE,Open,1.32,25.51,28.74,-60.72,1,1.53
654,Jonas,Partanen Green,,SWE,Open,1.32,24.38,27.4,-57.82,1,1.53
655,Claes,Lindblom,kocken,SWE,Open,1.32,24.42,27.45,-57.94,1,1.52
656,Jens,Vörman,,SWE,Open,1.31,25.44,28.67,-60.57,1,1.52
657,Martin,Johansson,martinrevo,SWE,Open,1.31,24.74,27.84,-58.79,1,1.52
658,Jonathan,Rask Nordvall,,SWE,Open,1.31,24.49,27.54,-58.14,1,1.51
659,Dane,Sundin,,SWE,Open,1.31,25.14,28.31,-59.81,1,1.51
660,Johan,Fredlund,freddeludde83,SWE,Open,1.31,25.38,28.6,-60.42,1,1.51
661,Simon,Markussen,,SWE,Open,1.31,24.5,27.56,-58.19,1,1.51
662,Christian,Holmgren,kryllxc,SWE,Open,1.3,24.26,27.28,-57.59,2,1.5
663,Mattias,Hansson,mattita,SWE,Open,1.29,23.87,26.82,-56.6,2,1.5
664,Peter,Retep,retep,SWE,Open,1.29,24.55,27.64,-58.36,1,1.49
665,Anders,R. (#1386),,SWE,Open,1.29,25.14,28.34,-59.89,1,1.49
666,Per-Olof,Emanuelsson,axel,SWE,Open,1.27,24.45,27.55,-58.19,2,1.47
667,Christer,H.Eriksson,lonestar,SWE,Open,1.27,25.01,28.21,-59.63,1,1.46
668,Bent,Lund,,SWE,Open,1.26,24.38,27.47,-58.03,5,1.46
669,Marie,Celing,,SWE,Open,1.26,24.62,27.76,-58.66,1,1.45
670,Stephan,Ahlden,aldus,SWE,Open,1.25,24.01,27.04,-57.1,2,1.45
671,Greger,Kontojoki,,SWE,Open,1.25,25.05,28.28,-59.78,2,1.45
672,Fredrik,Rössel,laxvik,SWE,Open,1.25,24.63,27.78,-58.71,1,1.44
673,Simon,Stenberg,,SWE,Open,1.25,24.77,27.95,-59.07,1,1.44
674,Christer,Karlsson,nsslt,SWE,Open,1.25,24.29,27.38,-57.85,2,1.44
675,Stefan,Wallberg,stenhuggarn,SWE,Open,1.24,25.61,28.95,-61.25,1,1.43
676,Rickard,Andersson,lite,SWE,Open,1.24,24.87,28.07,-59.36,1,1.43
677,Jeff,Persson,,SWE,Open,1.24,24.49,27.63,-58.4,1,1.43
678,Emil,U,,SWE,Open,1.23,24.5,27.65,-58.45,1,1.42
679,Henrik,Kumm,miyagi,SWE,Open,1.22,24.92,28.16,-59.57,1,1.41
680,Kjell-Åke,Jansson,blondie,SWE,Open,1.21,23.98,27.06,-57.21,2,1.39
681,Steve,Knutsson,stevo,SWE,Open,1.2,24.9,28.15,-59.56,1,1.39
682,Robert,Falk,,SWE,Open,1.2,28.15,32.02,-67.91,4,1.39
683,Diana,Bergefall,,SWE,Open,1.2,25.59,28.99,-61.37,1,1.39
684,Torbjörn,Sjöström,tsjostrom,SWE,Open,1.2,24.36,27.52,-58.2,1,1.39
685,Ulf,Nilsson,falcon,SWE,Open,1.2,24.8,28.05,-59.34,4,1.38
686,Kent,Rehn,donkfromsweden,SWE,Open,1.19,25.13,28.44,-60.2,1,1.38
687,Ali,Salloum,doktorautomateld,SWE,Open,1.19,24.84,28.1,-59.45,1,1.38
688,Mattias,Nyström,shortcut,SWE,Open,1.19,23.82,26.88,-56.83,2,1.38
689,johan,lidström,steel,SWE,Open,1.18,25.11,28.43,-60.19,2,1.37
690,Johnny,Ellfolk,jam,SWE,Open,1.18,24.84,28.11,-59.49,1,1.36
691,Martin,Eriksson,,SWE,Open,1.17,24.58,27.82,-58.86,1,1.36
692,Anders,Hasslinger,,SWE,Open,1.16,25.68,29.14,-61.73,1,1.34
693,Daniel,R,,SWE,Open,1.16,25.0,28.33,-60.0,1,1.34
694,David,Treiberg,dow,SWE,Open,1.16,25.14,28.5,-60.35,1,1.34
695,Ted,Eriksson,tbear,SWE,Open,1.14,24.9,28.23,-59.78,1,1.32
696,Marcus,Lindström,marcus,SWE,Open,1.14,24.59,27.86,-59.0,1,1.32
697,Johan,Kinhult,snakedr66,SWE,Open,1.14,25.05,28.42,-60.2,1,1.31
698,Pär,Linnarsson,45power,SWE,Open,1.13,24.89,28.23,-59.8,1,1.31
699,Fredrik,Rosenqvist,rallarn,SWE,Open,1.13,25.54,29.01,-61.48,7,1.31
700,Björn,Berge,greven,SWE,Open,1.12,24.77,28.1,-59.52,1,1.3
701,Nicklas,Karlsson,,SWE,Open,1.12,24.95,28.32,-60.02,1,1.29
702,Kristoffer,Hall,misterpresident,SWE,Open,1.11,22.93,25.92,-54.84,2,1.28
703,Marcus,Falk,,SWE,Open,1.1,24.96,28.36,-60.11,1,1.27
704,David,Lindquist,dow,SWE,Open,1.09,24.74,28.1,-59.55,1,1.26
705,Claus,Stromquist,,SWE,Open,1.08,24.92,28.32,-60.04,1,1.25
706,Mikael,Nilsson,,SWE,Open,1.08,24.96,28.37,-60.16,1,1.25
707,Erik,Azcarate,,SWE,Open,1.08,24.83,28.22,-59.83,1,1.24
708,Dusko,Komso,,SWE,Open,1.07,25.15,28.62,-60.7,1,1.23
709,Edward,Åkerman,,SWE,Open,1.06,24.71,28.11,-59.61,1,1.22
710,Adam,Larsson,adalar,SWE,Open,1.06,24.68,28.07,-59.52,1,1.22
711,Rolf,Häsänen,,SWE,Open,1.04,24.52,27.9,-59.17,1,1.21
712,Rainer,Hietalahti,,SWE,Open,1.03,24.9,28.35,-60.16,1,1.2
713,Pernilla,Larsson,,SWE,Open,1.03,24.47,27.85,-59.07,1,1.2
714,fre,.,frekjem,SWE,Open,1.03,25.12,28.62,-60.75,1,1.19
715,Martin,Nordh,,SWE,Open,1.03,24.78,28.22,-59.89,1,1.19
716,Heyes,Jemide,,SWE,Open,1.03,24.68,28.1,-59.62,1,1.19
717,Matheo,Chow,,SWE,Open,1.03,24.5,27.89,-59.17,1,1.19
718,Johan,Olsson,,SWE,Open,1.02,25.12,28.63,-60.78,1,1.18
719,Stefan,Hög,stif2000,SWE,Open,1.02,25.12,28.63,-60.78,1,1.18
720,Jimmy,Wedin,,SWE,Open,1.02,25.12,28.63,-60.78,1,1.18
721,Johannes,Bartsch,firehand,SWE,Open,1.02,24.61,28.04,-59.5,1,1.17
722,Kent,Hellberg,,SWE,Open,1.0,24.01,27.34,-58.0,1,1.16
723,Jonas,Alstermark,,SWE,Open,1.0,24.52,27.94,-59.31,1,1.16
724,Jimmy,Tell,,SWE,Open,1.0,25.14,28.68,-60.91,1,1.15
725,Jonas,Arbestål,,SWE,Open,0.99,24.78,28.27,-60.02,1,1.15
726,Jens,Lindholm,luckyduck,SWE,Open,0.98,24.72,28.2,-59.89,1,1.14
727,Victor,Axelsson,,SWE,Open,0.98,24.8,28.31,-60.11,1,1.14
728,Zsolt,Tarjanyi,rookie80,SWE,Open,0.98,24.8,28.3,-60.09,1,1.14
729,Alf,Wallblom,awall,SWE,Open,0.98,25.5,29.14,-61.91,1,1.13
730,Isak,Torikka,,SWE,Open,0.98,24.15,27.53,-58.45,1,1.13
731,Stefan,Fjellström,,SWE,Open,0.98,25.03,28.58,-60.72,1,1.13
732,Ole,Victor,oahv,SWE,Open,0.97,24.12,27.5,-58.38,2,1.13
733,Carl-Johan,Swahn,,SWE,Open,0.96,24.25,27.68,-58.78,1,1.1
734,Robert,Jonsson,,SWE,Open,0.95,24.77,28.3,-60.13,1,1.1
735,Ivar,Edfeldt,,SWE,Open,0.95,24.85,28.4,-60.34,4,1.1
736,Martin,Assarsson,,SWE,Open,0.95,24.98,28.56,-60.7,1,1.09
737,Fredrik,Söderlund,matusalem,SWE,Open,0.95,24.98,28.56,-60.7,1,1.09
738,Linda,Andersson,,SWE,Open,0.94,24.33,27.78,-59.02,1,1.09
739,Fredrik,Karlsson,fredde69,SWE,Open,0.94,24.45,27.93,-59.35,1,1.09
740,Joakim,Linder,sirmissalot,SWE,Open,0.93,25.0,28.6,-60.79,1,1.08
741,Martin,Arildsson,,SWE,Open,0.92,23.34,26.64,-56.58,2,1.07
742,Björn,B,,SWE,Open,0.92,24.45,27.96,-59.44,1,1.06
743,Fredrik,Björsell,,SWE,Open,0.91,18.02,20.33,-42.96,8,1.06
744,Magnus,Strömberg,,SWE,Open,0.91,24.08,27.54,-58.52,2,1.05
745,Andreas,Anjestål,freehanddimes,SWE,Open,0.9,25.16,28.82,-61.3,1,1.05
746,Hans,Jarosch,hansi,SWE,Open,0.9,24.5,28.03,-59.6,1,1.04
747,Per,Gellermark,herman,SWE,Open,0.9,24.78,28.38,-60.35,1,1.04
748,stefan,Österlind,,SWE,Open,0.89,24.84,28.46,-60.53,8,1.03
749,Thomas,Gärdh,,SWE,Open,0.88,24.63,28.22,-60.02,1,1.02
750,Mikko,Seppälä,,SWE,Open,0.88,24.19,27.7,-58.91,1,1.02
751,Fredrik,Pejlert,fpt,SWE,Open,0.88,24.85,28.49,-60.6,1,1.02
752,Fredrik,Hallner,,SWE,Open,0.88,24.44,27.99,-59.54,1,1.02
753,Tomas,Svalö,tomme,SWE,Open,0.88,24.68,28.28,-60.16,1,1.01
754,Ava,J,,SWE,Open,0.87,24.91,28.56,-60.78,1,1.01
755,Mathias,Elmeskog,elmeskog,SWE,Open,0.87,25.03,28.7,-61.08,1,1.01
756,Diego,Tejeda,,SWE,Open,0.87,25.0,28.67,-61.02,1,1.0
757,Björn,Boström,,SWE,Open,0.86,25.0,28.69,-61.06,1,0.99
758,Johan,Ilberg,spiff,SWE,Open,0.86,25.0,28.69,-61.06,1,0.99
759,Christian,Gustavsson,christian,SWE,Open,0.86,25.0,28.69,-61.06,1,0.99
760,Oskar,Persson,,SWE,Open,0.86,25.0,28.69,-61.06,1,0.99
761,Karl,Kempe,karl,SWE,Open,0.86,25.0,28.69,-61.06,1,0.99
762,Jonas,Ståhlberg,jst81,SWE,Open,0.86,25.0,28.69,-61.06,1,0.99
763,Marcus,Kask,kasken,SWE,Open,0.85,24.8,28.45,-60.55,1,0.99
764,Sven,Bender,svb,SWE,Open,0.84,21.57,24.63,-52.32,3,0.98
765,Björn,Larsson,bjarven,SWE,Open,0.84,24.96,28.66,-61.01,1,0.98
766,CHrister,L,,SWE,Open,0.84,24.9,28.59,-60.86,1,0.97
767,Martin,Persson,,SWE,Open,0.84,24.45,28.06,-59.73,1,0.97
768,Fredrik,Wallin,,SWE,Open,0.84,24.0,27.52,-58.57,2,0.97
769,Johan,Albenius,,SWE,Open,0.83,24.35,27.95,-59.5,1,0.96
770,Linus,Waara,waara,SWE,Open,0.83,24.65,28.3,-60.26,1,0.96
771,Christina,Andreae,,SWE,Open,0.83,24.48,28.11,-59.83,1,0.96
772,Fredrik,Wikström,jamradar,SWE,Open,0.81,25.06,28.81,-61.38,1,0.94
773,Henrik,Forsling,payday,SWE,Open,0.81,24.79,28.49,-60.69,1,0.94
774,Gustaf,Dyrssen,,SWE,Open,0.81,24.41,28.04,-59.71,1,0.94
775,Anel,Bronja,,SWE,Open,0.81,24.16,27.76,-59.1,1,0.93
776,Victor,Jörnung,,SWE,Open,0.8,24.68,28.37,-60.42,1,0.93
777,Ruben,Albertsson,,SWE,Open,0.8,24.5,28.15,-59.96,1,0.93
778,Magnus,Wiklund,piraten,SWE,Open,0.78,24.31,27.96,-59.56,1,0.9
779,Linus,Larsson,,SWE,Open,0.78,24.87,28.62,-61.0,1,0.9
780,Joel,Björkman,,SWE,Open,0.77,25.0,28.79,-61.36,1,0.89
781,Olle,Birgersson,,SWE,Open,0.77,25.0,28.79,-61.36,1,0.89
782,Emil,Löfving,,SWE,Open,0.77,25.0,28.79,-61.36,1,0.89
783,Olof,Friman,,SWE,Open,0.77,25.03,28.83,-61.46,1,0.89
784,Jakob,Demir,,SWE,Open,0.76,25.0,28.8,-61.39,1,0.88
785,Erik,Lennmarken,,SWE,Open,0.76,25.09,28.91,-61.63,2,0.88
786,Philip,Kortz,philipk,SWE,Open,0.73,24.55,28.3,-60.35,2,0.85
787,Mathias,Leppik,male,SWE,Open,0.73,24.85,28.66,-61.12,1,0.85
788,Stefan,Kruse,dirty,SWE,Open,0.73,24.35,28.06,-59.84,1,0.84
789,Christopher,Setterqvist,,SWE,Open,0.72,24.85,28.66,-61.15,1,0.83
790,Peter,Zens,,SWE,Open,0.72,24.62,28.39,-60.56,1,0.83
791,Tommy,Hellberg,varjen,SWE,Open,0.7,24.59,28.39,-60.58,1,0.81
792,Jonny,Nelson,,SWE,Open,0.69,24.62,28.42,-60.65,1,0.8
793,Jack,The Ripper,ripper,SWE,Open,0.69,24.63,28.45,-60.72,1,0.8
794,Fredrik,Andersson,,SWE,Open,0.69,24.07,27.78,-59.27,1,0.79
795,Fredrik,Broström,freddiebeach,SWE,Open,0.68,24.08,27.8,-59.33,1,0.79
796,Alexander,Andersson,budda,SWE,Open,0.67,24.82,28.69,-61.25,1,0.78
797,micke,wessman,bigflash,SWE,Open,0.67,24.66,28.51,-60.87,1,0.77
798,Rasmus,Wikström,,SWE,Open,0.66,24.18,27.95,-59.67,1,0.76
799,Jonas,Stellemark,stellemark,SWE,Open,0.65,24.53,28.37,-60.58,1,0.76
800,Nicolas,Forsberg,,SWE,Open,0.64,24.55,28.41,-60.67,1,0.74
801,Oscar,Ölmefors,,SWE,Open,0.63,24.22,28.04,-59.88,1,0.73
802,Rickard,Alvén,ralven,SWE,Open,0.63,26.22,30.41,-65.01,1,0.72
803,Calle,Rettne,caller,SWE,Open,0.63,23.98,27.75,-59.26,1,0.72
804,Daniel,Olsen,,SWE,Open,0.62,24.53,28.41,-60.7,1,0.72
805,Joakim,Skog,jocke,SWE,Open,0.62,25.01,28.98,-61.93,2,0.72
806,Tom,Söderström,,SWE,Open,0.62,25.84,29.97,-64.06,1,0.71
807,Sebastian,Nilsson,,SWE,Open,0.6,25.32,29.37,-62.79,7,0.7
808,Jens,H,jzh,SWE,Open,0.6,24.25,28.1,-60.06,1,0.69
809,Fredrik,Nilsson,pistolfredde,SWE,Open,0.6,23.68,27.43,-58.61,1,0.69
810,ola,malmqvist,,SWE,Open,0.57,23.71,27.48,-58.75,2,0.66
811,Andreas,Lundqvist Ferreira,alf,SWE,Open,0.57,24.18,28.05,-59.98,1,0.66
812,Fredrik,Asklund,,SWE,Open,0.56,24.36,28.28,-60.48,1,0.65
813,Mikael,Jonsson,,SWE,Open,0.56,24.65,28.63,-61.25,1,0.64
814,Lukas,Ojala,,SWE,Open,0.55,24.41,28.34,-60.62,1,0.64
815,Christo,Van Der Merwe,christo,SWE,Open,0.55,18.65,21.51,-45.87,6,0.64
816,Jonas,Rost,,SWE,Open,0.55,23.99,27.85,-59.55,1,0.64
817,Christian,Östergren,,SWE,Open,0.54,24.57,28.55,-61.09,1,0.63
818,Goran,Wallstrom,wallis,SWE,Open,0.53,24.23,28.16,-60.24,1,0.61
819,Robin,Hallberg,,SWE,Open,0.52,24.11,28.02,-59.96,1,0.61
820,Per,Dalén,pdn,SWE,Open,0.52,25.22,29.34,-62.81,1,0.61
821,Stefan,Grahn,mccoy,SWE,Open,0.52,25.22,29.34,-62.81,1,0.61
822,Stellan,,odysseus,SWE,Open,0.52,25.22,29.35,-62.82,1,0.6
823,Michael,Nyberg,junselebyberg,SWE,Open,0.52,24.34,28.31,-60.58,1,0.6
824,Pontus,Hung,,SWE,Open,0.52,24.58,28.59,-61.19,1,0.6
825,Patrik,Hållpås,patrik,SWE,Open,0.51,25.62,29.83,-63.87,1,0.6
826,Max,Varricchio,manno,SWE,Open,0.51,21.21,24.6,-52.58,4,0.59
827,Fredrik,Degerfeldt,degen,SWE,Open,0.49,25.07,29.2,-62.54,1,0.57
828,Bettina,Bild,,SWE,Open,0.47,24.81,28.92,-61.95,1,0.54
829,John,Gustafsson,johndoeswe,SWE,Open,0.47,24.65,28.74,-61.56,1,0.54
830,Ola,Nordström,olno,SWE,Open,0.47,24.77,28.88,-61.87,1,0.54
831,Enver,Selimaj,flaka,SWE,Open,0.46,24.74,28.85,-61.82,1,0.53
832,Erik,Löfström,,SWE,Open,0.46,24.32,28.35,-60.73,1,0.53
833,Jonas,Carlstein Wall,jonas,SWE,Open,0.45,24.32,28.36,-60.77,1,0.52
834,Johan,Rydström,jrcustom,SWE,Open,0.45,24.87,29.02,-62.19,2,0.52
835,Farid,Gurbanzade,,SWE,Open,0.44,24.92,29.09,-62.34,1,0.51
836,Peter,Söderberg,psod,SWE,Open,0.44,24.58,28.68,-61.46,1,0.51
837,Daniel,Müller,kalleanka,SWE,Open,0.43,23.03,26.86,-57.54,2,0.5
838,Dusan,Vujanic,,SWE,Open,0.41,24.58,28.72,-61.59,2,0.47
839,Emil,Ralph,,SWE,Open,0.4,24.32,28.42,-60.95,1,0.46
840,Henrik,Sjöström,parker,SWE,Open,0.39,23.55,27.51,-58.99,2,0.45
841,Erik,Götblad,,SWE,Open,0.39,24.01,28.07,-60.19,1,0.45
842,Timm,Vahamaki,,SWE,Open,0.38,25.08,29.35,-62.97,3,0.44
843,Erik,Armerén,,SWE,Open,0.38,24.15,28.25,-60.59,1,0.44
844,Jeanette,Bertilsson,sigrmist,SWE,Open,0.37,25.11,29.39,-63.06,1,0.43
845,Niklas,Lindholm,trajja,SWE,Open,0.37,24.9,29.15,-62.55,1,0.43
846,Björn,Gustavsson,jehfvel,SWE,Open,0.37,24.75,28.97,-62.17,1,0.42
847,Marcus CF.,Tinnerholm,tinnman,SWE,Open,0.35,25.05,29.34,-62.98,2,0.41
848,Lars,Eriksson,stiltman,SWE,Open,0.34,24.66,28.89,-62.02,1,0.4
849,Magnus,Borgenstrand,bounty,SWE,Open,0.34,25.15,29.48,-63.29,1,0.39
850,Tomas,Schönfeldt,caballarius,SWE,Open,0.34,25.19,29.53,-63.4,7,0.39
851,Christoffer,Fagerback,crippen,SWE,Open,0.31,24.86,29.17,-62.65,1,0.36
852,Roland,Dahlman,roland,SWE,Open,0.29,25.04,29.41,-63.19,1,0.33
853,Miroslav,Matkovic,,SWE,Open,0.28,24.21,28.44,-61.11,2,0.32
854,Johan,Lundell,lundell,SWE,Open,0.27,23.84,28.01,-60.19,2,0.31
855,Christian,Bellhammar,,SWE,Open,0.26,24.02,28.23,-60.68,1,0.3
856,Richard,Ström,,SWE,Open,0.26,23.78,27.95,-60.07,1,0.3
857,Richard,Richthoff,,SWE,Open,0.24,24.69,29.05,-62.46,1,0.28
858,Erland,Gunnarsson,erland,SWE,Open,0.24,25.52,30.04,-64.59,3,0.28
859,Tommy,Olofsson,tuppa,SWE,Open,0.24,25.05,29.48,-63.39,1,0.28
860,Peter,Slättersjö,dumbswede,SWE,Open,0.24,25.05,29.48,-63.39,1,0.28
861,MURRE,,,SWE,Open,0.24,24.58,28.92,-62.19,1,0.28
862,Christian,Kronbäck,crillek,SWE,Open,0.24,24.17,28.43,-61.13,1,0.28
863,Martin,Hugoson,mahu,SWE,Open,0.24,24.66,29.02,-62.39,1,0.28
864,Erik,Jerilgård,,SWE,Open,0.23,22.99,27.05,-58.15,2,0.27
865,Jonas,Sköldberg,,SWE,Open,0.2,24.92,29.38,-63.21,1,0.23
866,Torbjörn,Holten,holten,SWE,Open,0.19,24.12,28.42,-61.16,2,0.23
867,Josef,Yousefian,joyo,SWE,Open,0.19,24.81,29.25,-62.94,1,0.22
868,Berner,NotKnown,bsbs,SWE,Open,0.19,24.73,29.16,-62.75,1,0.22
869,Gustav,Ohlson,,SWE,Open,0.18,24.69,29.13,-62.7,1,0.2
870,Mikael,Otter,,SWE,Open,0.17,25.0,29.5,-63.49,1,0.2
871,Tobias,Håkanson,tmt,SWE,Open,0.17,24.88,29.37,-63.22,2,0.19
872,Patrik,Fritzson,,SWE,Open,0.16,24.94,29.43,-63.36,7,0.19
873,Ola,Jakobson,,SWE,Open,0.16,24.47,28.89,-62.19,1,0.18
874,Henrik,Hero,cetre,SWE,Open,0.14,24.71,29.19,-62.86,1,0.16
875,Martin,Stavling,,SWE,Open,0.14,24.79,29.3,-63.1,1,0.16
876,Magnus,Nilsson,kylmange,SWE,Open,0.13,24.87,29.39,-63.31,1,0.15
877,Anders,Nilsson,,SWE,Open,0.13,25.14,29.72,-64.03,7,0.15
878,Benny,Wångelid,bennybojan,SWE,Open,0.12,23.3,27.54,-59.32,2,0.14
879,Max,Hartow,,SWE,Open,0.11,25.43,30.08,-64.82,1,0.13
880,Mattias,Melin,melin,SWE,Open,0.11,24.9,29.46,-63.48,1,0.12
881,Mateo,Manby,,SWE,Open,0.09,25.04,29.65,-63.9,1,0.1
882,Andreas,Nilsson,boyd,SWE,Open,0.08,23.84,28.24,-60.87,1,0.09
883,David,Ulfsbo,ulfsbo,SWE,Open,0.08,24.62,29.17,-62.88,2,0.09
884,Tomas,Carlsson,,SWE,Open,0.08,24.88,29.47,-63.54,1,0.09
885,Ola,Åberg,pistola,SWE,Open,0.07,24.85,29.44,-63.48,1,0.08
886,Ola,Stenudd,,SWE,Open,0.07,24.28,28.77,-62.02,1,0.08
887,Leif,Westermark,,SWE,Open,0.06,24.0,28.45,-61.34,3,0.06
888,Jens,Hasselholm,jzh,SWE,Open,0.05,25.19,29.88,-64.44,1,0.05
889,Tony,Köhrsen,,SWE,Open,0.03,24.85,29.49,-63.63,1,0.03
890,Patrik,Åström,,SWE,Open,0.03,24.79,29.43,-63.49,1,0.03
891,Anders,Gustafsson,,SWE,Open,0.01,25.28,30.03,-64.82,1,0.01
892,Jonnie,Johansson,bandog,SWE,Open,0.01,24.82,29.48,-63.62,1,0.01
893,Frank,Werf,,SWE,Open,-0.0,24.73,29.39,-63.44,1,-0.0
894,Peter,Blom,blom,SWE,Open,-0.02,24.75,29.42,-63.52,1,-0.02
895,Johnny,Augustine,augie1213,SWE,Open,-0.02,24.63,29.29,-63.23,1,-0.02
896,Sören,Franson,skullworks,SWE,Open,-0.03,24.7,29.39,-63.46,7,-0.04
897,Mikael,Olsson,ullsann,SWE,Open,-0.05,24.85,29.58,-63.89,1,-0.05
898,Johan,Grundin,johang,SWE,Open,-0.09,24.91,29.71,-64.21,1,-0.1
899,Per,Wiklander,lykantrop,SWE,Open,-0.09,24.9,29.69,-64.17,1,-0.1
900,Peter,Göransson,,SWE,Open,-0.09,23.29,27.77,-60.04,3,-0.1
901,Patrik,Dzoic,dojan,SWE,Open,-0.09,24.02,28.65,-61.93,1,-0.1
902,Fredrik,Jakobsson,frejak,SWE,Open,-0.09,25.15,29.99,-64.82,1,-0.11
903,Håkan,Pearson,hwk,SWE,Open,-0.1,24.52,29.25,-63.24,1,-0.12
904,Bengt,Frosteby,,SWE,Open,-0.11,24.6,29.36,-63.48,1,-0.13
905,Martin,Schaefer,mash,SWE,Open,-0.13,25.18,30.07,-65.03,1,-0.15
906,Leo,Sandström,leo1111111111111,SWE,Open,-0.13,24.09,28.78,-62.26,1,-0.15
907,Mats,Ahlqvist,matti,SWE,Open,-0.15,24.67,29.49,-63.8,1,-0.17
908,Therese,Bjurshagen,frubjurs,SWE,Open,-0.16,24.43,29.21,-63.21,1,-0.18
909,Anders,Hansson,hansson1977,SWE,Open,-0.16,25.07,29.98,-64.87,1,-0.19
910,Tess,Karke,,SWE,Open,-0.16,24.26,29.01,-62.78,1,-0.19
911,Daniel,Daskalopoulos,,SWE,Open,-0.17,24.91,29.79,-64.48,1,-0.2
912,Lisabet,Landgren,,SWE,Open,-0.19,24.63,29.48,-63.82,1,-0.22
913,Tony,Mañana,,SWE,Open,-0.21,17.0,20.45,-44.36,7,-0.25
914,Ulf,Stalklinga,svartvarg,SWE,Open,-0.22,24.17,28.98,-62.77,2,-0.25
915,Mats,Tunfalk,458socom,SWE,Open,-0.24,25.03,30.03,-65.05,1,-0.28
916,Carl-Erik,Werner,cw61,SWE,Open,-0.24,25.96,31.14,-67.45,3,-0.28
917,Gunnar,Sundström,jamten,SWE,Open,-0.24,24.94,29.93,-64.84,1,-0.28
918,Marcus,Rosengren,mediocre,SWE,Open,-0.25,23.08,27.72,-60.07,2,-0.29
919,Fredrik,Lundberg,borderterrier,SWE,Open,-0.25,24.65,29.59,-64.12,1,-0.29
920,Mattias,Nilsson,evilprincejohn,SWE,Open,-0.25,24.89,29.88,-64.74,1,-0.29
921,Tommy,Johansson,,SWE,Open,-0.26,24.54,29.46,-63.84,1,-0.3
922,Andreas,Eklöf,ekan,SWE,Open,-0.26,24.55,29.48,-63.89,1,-0.3
923,Joakim,Aronius,jkm,SWE,Open,-0.29,24.88,29.91,-64.84,1,-0.34
924,Andreas,Pettersson,freehanddimes,SWE,Open,-0.3,23.25,27.98,-60.69,2,-0.35
925,Per,Telg,ipscper,SWE,Open,-0.3,24.73,29.74,-64.5,1,-0.35
926,David,Carlgren,davcar,SWE,Open,-0.32,24.55,29.55,-64.1,1,-0.37
927,Gerry,Strandberg,gerry66,SWE,Open,-0.32,24.48,29.47,-63.94,1,-0.37
928,Karl,Friberg,friberg,SWE,Open,-0.32,25.03,30.12,-65.34,3,-0.37
929,Urban,NotKnown,ubeksd,SWE,Open,-0.34,24.52,29.54,-64.09,1,-0.39
930,Martin,Sellberg,martin308win,SWE,Open,-0.34,24.42,29.42,-63.84,1,-0.39
931,Rickard,Benedetti,,SWE,Open,-0.36,24.73,29.81,-64.7,1,-0.41
932,Fredrik,Ferdinandsson,ferdi76,SWE,Open,-0.36,24.19,29.17,-63.33,1,-0.42
933,Mats,Wiman,wiman,SWE,Open,-0.36,24.12,29.08,-63.14,1,-0.42
934,Per-Arne,Svensson,caliber,SWE,Open,-0.37,24.12,29.1,-63.19,1,-0.43
935,Björn,Arvidsson,,SWE,Open,-0.37,23.94,28.89,-62.74,1,-0.43
936,Jonas,Drott,,SWE,Open,-0.39,24.19,29.19,-63.4,1,-0.45
937,Mats,Nordberg,matsn,SWE,Open,-0.41,25.52,30.81,-66.92,3,-0.48
938,Danne,Walker,,SWE,Open,-0.42,24.62,29.74,-64.61,2,-0.48
939,Conny,Chow,konta,SWE,Open,-0.46,24.43,29.58,-64.31,1,-0.53
940,Joakim,Sjöberg,joalex,SWE,Open,-0.48,24.79,30.03,-65.29,1,-0.56
941,P-O,Andersson,mossberg,SWE,Open,-0.48,24.36,29.51,-64.18,1,-0.56
942,Alexander,Ljungberg,,SWE,Open,-0.49,24.59,29.81,-64.82,1,-0.57
943,Tobias,Asplind,aspen,SWE,Open,-0.5,28.86,34.88,-75.78,1,-0.58
944,Fredrik,Klys,,SWE,Open,-0.51,25.02,30.34,-66.0,3,-0.59
945,Erik,Norbäck,goat,SWE,Open,-0.53,24.8,30.1,-65.49,1,-0.61
946,Johan,Spånbo,johas1,SWE,Open,-0.53,24.75,30.04,-65.38,1,-0.62
947,Kent,Unknown,kand,SWE,Open,-0.55,24.52,29.78,-64.82,1,-0.63
948,Mathias,Wattenström,mawa,SWE,Open,-0.57,25.12,30.52,-66.44,1,-0.66
949,Johannes,Lundberg,,SWE,Open,-0.57,24.92,30.29,-65.94,1,-0.66
950,Peter,Hakestam,resistent,SWE,Open,-0.57,25.12,30.52,-66.45,6,-0.66
951,Fredrik,Tyden,,SWE,Open,-0.58,22.87,27.86,-60.72,1,-0.67
952,Gabi,Georgis,gabi,SWE,Open,-0.58,22.34,27.23,-59.35,2,-0.67
953,Fredrik,Svensson,beard,SWE,Open,-0.59,24.88,30.25,-65.88,1,-0.68
954,Camille,Obeid,translator1,SWE,Open,-0.6,24.41,29.71,-64.73,2,-0.69
955,Jan-Erik,Björkdahl,,SWE,Open,-0.6,23.16,28.23,-61.54,1,-0.7
956,Rickard,Petterson,,SWE,Open,-0.69,23.42,28.65,-62.52,1,-0.8
957,Tord,Sundqvist,fargo,SWE,Open,-0.69,24.51,29.94,-65.3,3,-0.8
958,Marina,Isacsson,,SWE,Open,-0.7,23.67,28.95,-63.18,1,-0.81
959,Roger,Nordström,,SWE,Open,-0.76,24.81,30.38,-66.32,1,-0.88
960,Sascha,Schlüter,,SWE,Open,-0.77,19.03,23.53,-51.55,4,-0.89
961,David,Lindgren,,SWE,Open,-0.78,24.44,29.96,-65.44,1,-0.9
962,Henrik,Sjöholm,,SWE,Open,-0.78,23.3,28.61,-62.54,1,-0.91
963,Jonas,Hansson,,SWE,Open,-0.79,24.79,30.4,-66.41,1,-0.92
964,Pontus,Johansson,pontushbg,SWE,Open,-0.8,23.58,28.97,-63.33,1,-0.92
965,Rune,Gulbrandsen,dozer,SWE,Open,-0.8,24.03,29.51,-64.5,3,-0.93
966,Mathias,Pettersson,,SWE,Open,-0.82,24.69,30.32,-66.27,6,-0.95
967,Christer,Back,40sw,SWE,Open,-0.83,24.83,30.48,-66.62,6,-0.95
968,Magnus,Lundbeck,suvarb,SWE,Open,-0.83,24.41,29.98,-65.53,3,-0.96
969,Björn,Blomstedt,dotz,SWE,Open,-0.85,22.98,28.31,-61.95,1,-0.98
970,Nicklas,Eriksen,,SWE,Open,-0.86,24.22,29.8,-65.18,3,-1.0
971,Tanja,Rutherhagen,,SWE,Open,-0.89,25.05,30.82,-67.42,1,-1.03
972,Therese,Fleetwood,,SWE,Open,-0.91,24.67,30.4,-66.52,1,-1.05
973,Jens,Hallén,,SWE,Open,-0.91,23.6,29.12,-63.77,1,-1.05
974,Johan,Utterberg,,SWE,Open,-0.97,21.59,26.79,-58.8,2,-1.12
975,Ola,Dahlbäck,valleybrook,SWE,Open,-0.98,24.98,30.84,-67.54,6,-1.13
976,Max,Hoffman Hansen,,SWE,Open,-0.99,24.86,30.71,-67.27,1,-1.14
977,Christopher,Blomberg,blomberg,SWE,Open,-1.02,24.62,30.47,-66.8,4,-1.18
978,Henrik,Sekund,,SWE,Open,-1.06,24.39,30.24,-66.33,1,-1.23
979,Daniel,Ventura,devv,SWE,Open,-1.06,25.21,31.22,-68.44,1,-1.23
980,Gert,Hellström,olex,SWE,Open,-1.08,24.29,30.15,-66.16,3,-1.25
981,Torbjörn,Renbäck,renback,SWE,Open,-1.09,24.88,30.85,-67.68,1,-1.26
982,Uma,Na Nakhon Falk,uma18,SWE,Open,-1.09,24.41,30.3,-66.48,1,-1.26
983,Henric,Thorell,,SWE,Open,-1.13,25.07,31.13,-68.32,1,-1.31
984,David,Ravenna,dr71,SWE,Open,-1.15,24.14,30.05,-66.02,1,-1.34
985,Claes,Nilsson,,SWE,Open,-1.16,19.94,25.06,-55.25,7,-1.34
986,Carl-johan,Johansson,,SWE,Open,-1.18,23.39,29.18,-64.17,2,-1.36
987,Jiro,Nihei,zatoichi,SWE,Open,-1.24,25.16,31.36,-68.93,3,-1.43
988,"Thomas ""Vasa""",Martinsson,vasa,SWE,Open,-1.24,23.84,29.8,-65.56,3,-1.44
989,Allan,Bergman,dosch,SWE,Open,-1.31,23.94,30.0,-66.05,1,-1.51
990,Mats,Lisstrand,minister,SWE,Open,-1.32,22.05,27.77,-61.25,1,-1.53
991,Adam,Isaksson,,SWE,Open,-1.32,24.0,30.09,-66.26,1,-1.53
992,Linus,Winterboren,,SWE,Open,-1.33,24.32,30.49,-67.14,1,-1.54
993,Mattias,Vipeland,,SWE,Open,-1.37,24.15,30.32,-66.8,1,-1.58
994,Alfredo,Wang Pallin,alfredo,SWE,Open,-1.42,24.87,31.25,-68.87,2,-1.65
995,Andres,Suazo,afx,SWE,Open,-1.44,24.79,31.16,-68.7,1,-1.66
996,Stellan,Forthmeijer,badhabit,SWE,Open,-1.47,25.26,31.77,-70.04,2,-1.71
997,Carl,Gadde,,SWE,Open,-1.53,23.31,29.51,-65.23,1,-1.77
998,Johan,Kustus,kustus,SWE,Open,-1.53,24.03,30.37,-67.08,1,-1.77
999,Sib,Armros,,SWE,Open,-1.54,15.15,19.83,-44.35,8,-1.78
1000,Michael,Lindström,,SWE,Open,-1.58,24.91,31.47,-69.52,1,-1.83
1001,Peter,Liliegren,,SWE,Open,-1.64,20.99,26.89,-59.68,2,-1.9
1002,Cecilia,Ekströmer Johansson,,SWE,Open,-1.64,21.57,27.58,-61.17,1,-1.9
1003,Roger,Tiensuu,rogert,SWE,Open,-1.67,25.19,31.91,-70.55,4,-1.93
1004,Niklas,Lepistö,pelkzor,SWE,Open,-1.68,23.82,30.29,-67.06,1,-1.94
1005,Kristian,Abrahamsson,,SWE,Open,-1.68,23.54,29.96,-66.35,1,-1.94
1006,Jakob,Willborg,,SWE,Open,-1.7,24.61,31.27,-69.19,5,-1.97
1007,Mattias,Olsson,highlandpark,SWE,Open,-1.71,25.04,31.78,-70.31,1,-1.98
1008,Jens,NotKnown,,SWE,Open,-1.74,23.93,30.5,-67.58,1,-2.02
1009,Marcus,Rauger,,SWE,Open,-1.75,24.33,30.99,-68.63,1,-2.02
1010,Örjan,Hvass,bulman,SWE,Open,-1.76,25.0,31.79,-70.38,5,-2.03
1011,Petter,Kjöllerström,,SWE,Open,-1.78,20.66,26.66,-59.33,2,-2.06
1012,Kjell,Svensson,,SWE,Open,-1.81,22.02,28.3,-62.9,1,-2.09
1013,Erik,Ljunggren,erix,SWE,Open,-1.81,25.19,32.08,-71.05,1,-2.1
1014,Claes,Jernberg,classe,SWE,Open,-1.83,24.67,31.48,-69.77,2,-2.11
1015,Magnus,Irtoft,irtoft,SWE,Open,-1.84,21.9,28.21,-62.73,1,-2.13
1016,Måns,Pihlquist,echo01,SWE,Open,-1.86,19.9,25.86,-57.67,3,-2.15
1017,Mikael,Pedin,,SWE,Open,-1.91,18.22,23.92,-53.55,4,-2.21
1018,Sarah,Grey,sgirl,SWE,Open,-1.93,18.68,24.48,-54.77,5,-2.23
1019,Torbjorn,Andersson,torbjorn,SWE,Open,-1.96,24.93,31.95,-70.92,1,-2.26
1020,Mathias,Persson,mrplumbum,SWE,Open,-1.96,22.9,29.54,-65.72,1,-2.27
1021,Niclas,von Essen,,SWE,Open,-1.99,24.74,31.76,-70.53,5,-2.3
1022,Lars T,Andersson,,SWE,Open,-1.99,25.16,32.26,-71.61,1,-2.3
1023,Gerry,Dahlgren,kgd52,SWE,Open,-1.99,24.85,31.88,-70.81,1,-2.3
1024,Tomas,Lundgren,lunkan01,SWE,Open,-2.01,21.88,28.39,-63.29,2,-2.33
1025,Henrik,Swennergren,mrhsw,SWE,Open,-2.07,20.9,27.29,-60.97,2,-2.39
1026,Anders,Rohlén,,SWE,Open,-2.08,25.14,32.34,-71.89,4,-2.4
1027,Peter,Angelborn,oxi,SWE,Open,-2.1,24.78,31.93,-71.01,1,-2.43
1028,Sheldon,Marinovic,,SWE,Open,-2.12,14.37,19.6,-44.42,8,-2.45
1029,Johan,Löfgren,,SWE,Open,-2.17,25.36,32.71,-72.76,1,-2.51
1030,Peter,Lindberg,,SWE,Open,-2.17,25.27,32.6,-72.54,1,-2.51
1031,Robert,Nordgren,magnum,SWE,Open,-2.22,24.88,32.2,-71.72,4,-2.57
1032,Anders,Ekeberg,,SWE,Open,-2.25,25.37,32.82,-73.08,2,-2.6
1033,Henrik,Bergqvist,,SWE,Open,-2.26,24.73,32.07,-71.46,1,-2.61
1034,Roger,Engström,slomo,SWE,Open,-2.26,24.57,31.88,-71.06,1,-2.61
1035,Magnus,von Bromsen,brake,SWE,Open,-2.27,24.75,32.1,-71.56,3,-2.63
1036,Dan,Sjostrom,,SWE,Open,-2.28,24.74,32.1,-71.56,1,-2.64
1037,Martin,Zimmermann,,SWE,Open,-2.28,24.55,31.88,-71.1,4,-2.64
1038,Thomas,Kindhag,eagleeye,SWE,Open,-2.3,17.06,23.0,-51.93,7,-2.66
1039,Mathias,Brännvall,beaver,SWE,Open,-2.34,24.71,32.14,-71.71,1,-2.71
1040,Johan,Svanmark,,SWE,Open,-2.35,24.93,32.42,-72.32,4,-2.72
1041,Razmik,Aroyan,m16raz,SWE,Open,-2.36,24.62,32.06,-71.55,1,-2.73
1042,Anton,Öhlund,redde,SWE,Open,-2.36,24.57,32.0,-71.42,1,-2.73
1043,Max,Andersson,maxan,SWE,Open,-2.4,24.85,32.39,-72.31,1,-2.78
1044,Per,Bergfeldt,magnumperre,SWE,Open,-2.46,24.85,32.45,-72.51,2,-2.85
1045,Daniel,Johansson,,SWE,Open,-2.49,24.68,32.28,-72.15,4,-2.87
1046,Henrik,Turkál,,SWE,Open,-2.5,24.59,32.18,-71.95,1,-2.89
1047,Daniel,Härelind,backbreaker,SWE,Open,-2.57,23.7,31.21,-69.93,2,-2.97
1048,Mikael,Agnebo,mikagn,SWE,Open,-2.57,25.16,32.95,-73.69,2,-2.97
1049,Andreas,Gering,tbharmory,SWE,Open,-2.6,25.07,32.88,-73.56,2,-3.01
1050,Irene,Jönsson,dorran,SWE,Open,-2.6,19.62,26.4,-59.59,3,-3.01
1051,Robert,Korosec,,SWE,Open,-2.61,20.96,28.01,-63.06,1,-3.02
1052,Janne,Komminaho,janko,SWE,Open,-2.62,24.84,32.63,-73.03,1,-3.03
1053,Ricky,Johansson,,SWE,Open,-2.64,21.18,28.3,-63.73,1,-3.06
1054,Fadi,NotKnown,fadde,SWE,Open,-2.65,21.19,28.32,-63.77,1,-3.06
1055,Marcus,Sedin,sedda,SWE,Open,-2.71,25.01,32.94,-73.8,1,-3.13
1056,Per,Nilsson,,SWE,Open,-2.75,24.72,32.63,-73.19,1,-3.18
1057,Johan,Bär,,SWE,Open,-2.75,22.9,30.48,-68.52,1,-3.18
1058,Allan,Bjorlin,,SWE,Open,-2.75,25.02,33.0,-73.98,3,-3.18
1059,Konrad,Wallenrodd,kwall,SWE,Open,-2.77,24.51,32.41,-72.73,1,-3.2
1060,Henrik,Stranne,stranne,SWE,Open,-2.77,24.93,32.92,-73.82,1,-3.21
1061,Christofer,Hellgren,,SWE,Open,-2.87,24.8,32.88,-73.84,1,-3.33
1062,Peter,Farkas,,SWE,Open,-2.9,24.61,32.69,-73.45,2,-3.35
1063,Mattias,Werner,mw89,SWE,Open,-2.9,25.75,34.05,-76.4,1,-3.36
1064,Anders,Hedvalls,,SWE,Open,-2.92,24.99,33.16,-74.5,3,-3.37
1065,Rene,Frederiksen,boombox,SWE,Open,-2.93,25.0,33.18,-74.55,3,-3.39
1066,Mathias,Johansson,mathias637,SWE,Open,-2.93,23.08,30.9,-69.62,1,-3.39
1067,Hans-Erik,Sjöholm,,SWE,Open,-2.95,23.53,31.46,-70.85,5,-3.41
1068,Roger,Åstrand,,SWE,Open,-2.95,21.55,29.12,-65.79,1,-3.41
1069,Niklas,Hammarström,hammer,SWE,Open,-2.97,25.09,33.34,-74.93,3,-3.43
1070,johan,friberg,,SWE,Open,-3.0,25.08,33.36,-74.99,3,-3.47
1071,Simon,Tovatt,,SWE,Open,-3.02,24.85,33.12,-74.49,2,-3.49
1072,Mikael,Dahlberg,mida,SWE,Open,-3.08,25.46,33.9,-76.25,1,-3.56
1073,Henry,Wilhelmsson,,SWE,Open,-3.09,18.59,25.76,-58.69,2,-3.57
1074,Mikael - Pergite,Östling,pergite,SWE,Open,-3.1,25.81,34.35,-77.23,2,-3.59
1075,Mattias,Borgelin,cazorp,SWE,Open,-3.12,25.45,33.95,-76.39,1,-3.61
1076,Jonas,Kedland,,SWE,Open,-3.13,24.82,33.21,-74.81,3,-3.62
1077,Peter,Sjödin,,SWE,Open,-3.24,24.45,32.9,-74.26,1,-3.75
1078,Fredrik,Stråhle,,SWE,Open,-3.27,24.76,33.31,-75.16,3,-3.78
1079,Jonas,Gyllenäs,,SWE,Open,-3.31,24.74,33.32,-75.24,2,-3.83
1080,Anders,Magnevall,,SWE,Open,-3.32,25.41,34.14,-77.0,2,-3.84
1081,Daniel,Mokus,,SWE,Open,-3.42,21.29,29.37,-66.81,1,-3.96
1082,Tony,Wendelklint,klintan,SWE,Open,-3.43,24.8,33.54,-75.81,3,-3.97
1083,Peter,Carvall,,SWE,Open,-3.57,25.14,34.11,-77.2,2,-4.13
1084,Tobias,Håkansson,tobbe335,SWE,Open,-3.58,24.53,33.4,-75.68,1,-4.15
1085,Jo Eken,Torp,,SWE,Open,-3.64,25.1,34.15,-77.36,1,-4.22
1086,Håkan,Wiren,,SWE,Open,-3.65,25.26,34.35,-77.79,1,-4.22
1087,Ola,Larsson,,SWE,Open,-3.66,25.26,34.37,-77.84,1,-4.24
1088,Lennart,Eriksson,,SWE,Open,-3.67,25.13,34.21,-77.51,1,-4.24
1089,Michael,Andersson,,SWE,Open,-3.76,25.03,34.21,-77.59,2,-4.34
1090,Peter,Sandberg,,SWE,Open,-3.78,25.02,34.23,-77.65,1,-4.37
1091,alexander,ellstrom,,SWE,Open,-3.78,25.02,34.23,-77.65,1,-4.37
1092,Thomas,Björklund,doublea,SWE,Open,-3.79,25.03,34.25,-77.71,1,-4.39
1093,Joakim,Hansson,,SWE,Open,-3.79,25.03,34.25,-77.71,1,-4.39
1094,Max,Gidhagen,maxgid,SWE,Open,-3.81,24.88,34.08,-77.37,1,-4.4
1095,Magnus,Lodin,,SWE,Open,-3.83,24.62,33.8,-76.79,1,-4.43
1096,Henrik,Berntsson,punisher,SWE,Open,-3.83,25.19,34.48,-78.26,2,-4.43
1097,Per,Lundin,perlundin,SWE,Open,-3.87,24.94,34.24,-77.78,1,-4.48
1098,Fredrick,Johansson,,SWE,Open,-3.87,24.94,34.24,-77.78,1,-4.48
1099,Anders,Sandberg,welder,SWE,Open,-3.89,18.8,26.96,-62.08,2,-4.5
1100,Fredrik,Jacobsson,frejac01,SWE,Open,-3.94,25.25,34.68,-78.79,3,-4.56
1101,jonas,falk,37mm,SWE,Open,-3.95,25.02,34.43,-78.26,2,-4.57
1102,Kim,Lööf,,SWE,Open,-3.99,19.67,28.11,-64.68,1,-4.62
1103,Niklas,Tuvesson,gonzo,SWE,Open,-4.01,24.98,34.45,-78.35,2,-4.63
1104,Madeleine,Töllenius,,SWE,Open,-4.02,25.22,34.75,-79.03,1,-4.65
1105,Kristoffer,Hansen,,SWE,Open,-4.03,24.93,34.41,-78.31,1,-4.67
1106,Peter,Karlsson,peka,SWE,Open,-4.05,25.01,34.53,-78.59,2,-4.69
1107,Henrik,Jansson,,SWE,Open,-4.06,25.16,34.72,-79.01,2,-4.7
1108,Niclas,Dal,,SWE,Open,-4.08,24.98,34.53,-78.61,1,-4.72
1109,Kenneth,Abazaj,,SWE,Open,-4.09,24.39,33.84,-77.12,1,-4.73
1110,Johnny,Sandberg,sandberg,SWE,Open,-4.11,21.12,29.98,-68.82,1,-4.76
1111,Johan,Dahl,afdahl,SWE,Open,-4.12,24.53,34.03,-77.57,1,-4.76
1112,Filip,Mårtensson,,SWE,Open,-4.14,24.64,34.2,-77.97,2,-4.79
1113,Carsten,Wulffeld,,SWE,Open,-4.15,13.05,20.44,-48.26,7,-4.8
1114,Eric,Carlsson,ericar,SWE,Open,-4.16,24.82,34.44,-78.5,2,-4.82
1115,Lars-Ola,Nilsson,kvasifilosofen,SWE,Open,-4.18,24.77,34.4,-78.43,2,-4.84
1116,Magnus,Müller,flecktarn,SWE,Open,-4.19,24.95,34.62,-78.91,2,-4.84
1117,Gabriel,Lind,gabbe,SWE,Open,-4.19,24.84,34.49,-78.63,1,-4.85
1118,Fredrik,Thyden,,SWE,Open,-4.21,24.92,34.6,-78.9,1,-4.87
1119,Anders,Rohlen,aeneuman,SWE,Open,-4.22,24.99,34.71,-79.13,2,-4.89
1120,Micael,Jansson,jansson,SWE,Open,-4.26,23.44,32.9,-75.27,1,-4.92
1121,Lars,Kilen,smen,SWE,Open,-4.31,24.87,34.68,-79.15,2,-4.99
1122,Sven,Lundin,lundin,SWE,Open,-4.33,24.89,34.71,-79.25,2,-5.0
1123,Kalle,Schmidt,,SWE,Open,-4.34,21.43,30.61,-70.41,1,-5.02
1124,Jan,Sjölin,,SWE,Open,-4.36,20.85,29.95,-69.0,1,-5.04
1125,Oscar,Hedin,,SWE,Open,-4.41,24.53,34.38,-78.63,1,-5.1
1126,Thommy,Eklöf,,SWE,Open,-4.49,25.0,35.03,-80.1,1,-5.19
1127,Joakim,Fjällström,haddock,SWE,Open,-4.55,21.58,31.04,-71.56,2,-5.27
1128,Leif,Johansson,,SWE,Open,-4.59,21.18,30.61,-70.65,1,-5.3
1129,Thomas,Sundberg,tjompo,SWE,Open,-4.61,19.01,28.07,-65.19,1,-5.33
1130,Christian,Axelsson,axel,SWE,Open,-4.65,24.6,34.75,-79.66,1,-5.38
1131,Daniel,Forsberg,,SWE,Open,-4.72,18.76,27.9,-64.93,1,-5.46
1132,Andrej,Timofejeff,,SWE,Open,-4.75,25.24,35.63,-81.64,1,-5.49
1133,Michael,Isacson,,SWE,Open,-4.8,20.85,30.48,-70.58,1,-5.55
1134,Daniel,Svensson,dannepang,SWE,Open,-4.81,25.21,35.67,-81.79,1,-5.56
1135,Johan,Hedberg,riflemanse,SWE,Open,-4.82,25.05,35.5,-81.44,1,-5.58
1136,Thomas,Edvardsson,fader,SWE,Open,-4.85,18.03,27.19,-63.53,5,-5.61
1137,Patrik,Svedlund,2fast4u,SWE,Open,-4.93,25.02,35.58,-81.73,1,-5.7
1138,Curt,Wange,,SWE,Open,-4.94,25.05,35.64,-81.86,1,-5.72
1139,Johan,Arwidson,,SWE,Open,-4.97,24.91,35.5,-81.59,1,-5.75
1140,Klas,Lundberg,kfl69,SWE,Open,-4.97,25.08,35.7,-82.04,1,-5.75
1141,Benjamin,Declanius,,SWE,Open,-5.01,25.11,35.78,-82.23,1,-5.79
1142,Fredrik,Plantin,plantin,SWE,Open,-5.06,24.95,35.66,-82.03,1,-5.85
1143,Roger,Andersson,rogera,SWE,Open,-5.09,24.96,35.7,-82.15,1,-5.88
1144,Marcus,Tengvall,,SWE,Open,-5.09,24.88,35.61,-81.95,1,-5.88
1145,MIchael,Henebratt,,SWE,Open,-5.09,25.14,35.92,-82.62,1,-5.89
1146,Henrik,Ivarsson,ivar,SWE,Open,-5.11,24.9,35.66,-82.08,1,-5.91
1147,Mikael,Lahtela,,SWE,Open,-5.12,25.11,35.92,-82.64,1,-5.92
1148,Karl,U Ericson,fapswe,SWE,Open,-5.13,23.63,34.18,-78.91,1,-5.94
1149,Therry,Ellgren,,SWE,Open,-5.19,24.78,35.61,-82.06,1,-6.01
1150,Konstantin,Chow,konta,SWE,Open,-5.2,24.66,35.48,-81.79,1,-6.02
1151,Ivan,Slabiak,,SWE,Open,-5.26,24.73,35.63,-82.17,1,-6.08
1152,Henning,Lundin,,SWE,Open,-5.33,24.92,35.95,-82.93,1,-6.17
1153,Linus,Swälas,,SWE,Open,-5.35,18.71,28.6,-67.07,1,-6.19
1154,Christian,Hermansson,,SWE,Open,-5.36,24.82,35.85,-82.74,1,-6.2
1155,Fredrik,Wennolf,,SWE,Open,-5.41,24.54,35.59,-82.22,1,-6.26
1156,Mattias,Fjällborg,rabadax,SWE,Open,-5.44,16.99,26.65,-62.96,4,-6.29
1157,Lars-Erik,Söderén,korn64,SWE,Open,-5.44,23.77,34.7,-80.33,2,-6.29
1158,Tina,Oskarsson,xena,SWE,Open,-5.48,23.3,34.2,-79.29,2,-6.34
1159,Thomas,A,farbrorbarbro,SWE,Open,-5.49,14.99,24.33,-58.02,3,-6.36
1160,Kattis,Edfeldt,kattis,SWE,Open,-5.5,24.76,35.96,-83.11,1,-6.37
1161,Rickard,Lennkvist,,SWE,Open,-5.51,18.71,28.79,-67.65,1,-6.38
1162,Johan,Hansson,,SWE,Open,-5.69,18.65,28.93,-68.13,2,-6.59
1163,Anders,Södermark,,SWE,Open,-5.76,23.5,34.77,-80.8,1,-6.66
1164,Niclas,Fröhberg,kbv07,SWE,Open,-5.79,22.21,33.28,-77.61,3,-6.7
1165,Alain,Elawad,,SWE,Open,-5.95,17.82,28.25,-66.93,1,-6.89
1166,Rickard,Gustafsson,rickswe,SWE,Open,-6.0,25.16,37.02,-85.91,1,-6.94
1167,Jim,Almqvist,,SWE,Open,-6.03,25.15,37.04,-85.97,1,-6.97
1168,pasi,pirttikoski,trooper,SWE,Open,-6.03,21.13,32.28,-75.69,1,-6.98
1169,Johannes,Saers,saers,SWE,Open,-6.03,18.46,29.11,-68.86,1,-6.98
1170,Carl,Andersson,,SWE,Open,-6.08,16.07,26.31,-62.87,2,-7.03
1171,Fredrik,Tufvesson,krutdurk,SWE,Open,-6.09,16.06,26.32,-62.89,2,-7.05
1172,Pierre,Jonsson,puttepistol,SWE,Open,-6.11,17.24,27.75,-66.0,1,-7.07
1173,Tommi,Vuolevi,bollis,SWE,Open,-6.11,25.08,37.06,-86.11,1,-7.07
1174,Mattias,Malm,overlord,SWE,Open,-6.13,25.07,37.07,-86.13,1,-7.09
1175,robert,rönnestam,rcgr,SWE,Open,-6.22,24.94,37.03,-86.14,1,-7.19
1176,Magnus,Wallenrodd,schmitt,SWE,Open,-6.32,18.53,29.52,-70.03,2,-7.31
1177,Björn,Videnberg,,SWE,Open,-6.35,15.68,26.18,-62.84,2,-7.34
1178,Anders,Wennerbom,,SWE,Open,-6.37,25.13,37.44,-87.18,1,-7.37
1179,Rasmus,Luckmann,luddet,SWE,Open,-6.41,24.65,36.9,-86.06,1,-7.42
1180,Terés,Gustafsson,,SWE,Open,-6.48,16.69,27.53,-65.9,1,-7.5
1181,Jeremiah,shafer,,SWE,Open,-6.49,25.08,37.51,-87.44,1,-7.5
1182,Uma,NN Falk,uma18,SWE,Open,-6.53,14.26,24.7,-59.84,4,-7.55
1183,Tobias,Jacobsson,,SWE,Open,-6.59,17.14,28.2,-67.45,1,-7.62
1184,Jonas,Andersson,sawgunner,SWE,Open,-6.68,24.97,37.6,-87.84,1,-7.73
1185,Andreas,Carlsson,,SWE,Open,-6.7,25.05,37.73,-88.13,1,-7.75
1186,Tomas,Hellström,,SWE,Open,-6.74,24.9,37.59,-87.88,1,-7.8
1187,Anders,Bäckman,andersb,SWE,Open,-6.79,24.97,37.74,-88.25,1,-7.86
1188,Ola,Nordstrand,,SWE,Open,-7.07,21.7,34.18,-80.85,1,-8.18
1189,Paul,Jackson,,SWE,Open,-7.11,16.45,28.0,-67.55,1,-8.23
1190,Richard,Lindhägg,richard,SWE,Open,-7.18,17.92,29.83,-71.56,1,-8.31
1191,Rickard,johansson,,SWE,Open,-7.21,16.2,27.81,-67.24,4,-8.34
1192,Pia,Palmer,69an,SWE,Open,-7.24,17.84,29.8,-71.57,1,-8.38
1193,Teresa,Kilen,kickingfoot,SWE,Open,-7.27,21.94,34.71,-82.19,2,-8.41
1194,Pierre,,,SWE,Open,-7.31,16.15,27.88,-67.48,1,-8.45
1195,Christina,Ottosson Öygarden,,SWE,Open,-7.33,16.32,28.09,-67.96,1,-8.48
1196,Daniel,Thunell,mrspeed,SWE,Open,-7.49,19.48,32.04,-76.65,4,-8.66
1197,Joakim,Holmberg,,SWE,Open,-7.53,17.47,29.7,-71.63,1,-8.71
1198,Filip,Gren,,SWE,Open,-7.54,17.35,29.56,-71.35,1,-8.72
1199,Denise,Kaic,flisan,SWE,Open,-7.76,17.53,30.05,-72.61,1,-8.97
1200,Fredrik,Snygg,pussycat,SWE,Open,-7.87,15.4,27.64,-67.53,2,-9.1
1201,Roger,Wysiecki,majtii,SWE,Open,-7.9,21.03,34.37,-82.07,2,-9.13
1202,Carsten,Hansen,,SWE,Open,-7.97,18.22,31.12,-75.13,1,-9.22
1203,Tore,Johansson,tojo,SWE,Open,-7.98,20.22,33.5,-80.29,2,-9.23
1204,Olof,Rubin,rubydoc,SWE,Open,-8.02,14.36,26.59,-65.41,2,-9.27
1205,Katarina,Edfeldt,,SWE,Open,-8.03,25.0,39.25,-92.74,1,-9.29
1206,Lars E,Bjorkvall,,SWE,Open,-8.03,25.0,39.25,-92.74,1,-9.29
1207,Örjan,Johansson,rappen,SWE,Open,-8.03,25.0,39.25,-92.74,1,-9.29
1208,Jan-Olof,Olsson,jo54,SWE,Open,-8.18,17.31,30.29,-73.55,1,-9.46
1209,Blaze,Sambevski,,SWE,Open,-8.24,23.47,37.67,-89.55,1,-9.53
1210,Ahmad,Asad,,SWE,Open,-8.28,15.0,27.66,-67.99,3,-9.58
1211,Ulf,Bjelkengren,uffeb,SWE,Open,-8.3,18.05,31.3,-75.85,5,-9.6
1212,Roger,Österman,osterman,SWE,Open,-8.89,17.34,31.16,-76.15,1,-10.28
1213,Marie,Mattiasson,,SWE,Open,-8.96,13.49,26.68,-66.55,2,-10.37
1214,Thomas,Nilson,gratisnalle,SWE,Open,-8.98,15.62,29.23,-72.07,2,-10.39
1215,Martin,Axelsson,axelsson,SWE,Open,-9.37,14.52,28.39,-70.64,1,-10.84
1216,Kjell,Marklund,lakelander,SWE,Open,-9.38,17.13,31.5,-77.37,1,-10.85
1217,Martin,Chruzander,,SWE,Open,-9.5,14.47,28.47,-70.95,1,-10.98
1218,Mikael,Schwarzman,,SWE,Open,-9.55,14.41,28.47,-70.99,1,-11.04
1219,Morgan,Lindholm,lindholm,SWE,Open,-9.67,18.65,33.65,-82.3,1,-11.19
1220,Niklas,Engebretsen,,SWE,Open,-9.69,14.43,28.65,-71.53,1,-11.2
1221,Pablo,Pons,,SWE,Open,-9.81,18.94,34.16,-83.55,1,-11.35
1222,Johan,Gyllenpil,,SWE,Open,-9.82,14.24,28.59,-71.53,1,-11.36
1223,Michael,Börjesson,smurfen,SWE,Open,-9.83,13.83,28.12,-70.53,1,-11.37
1224,Per,Eriksson,hemsk,SWE,Open,-9.86,14.42,28.86,-72.15,2,-11.41
1225,Nicklas,Andersson,,SWE,Open,-10.07,14.42,29.1,-72.89,1,-11.65
1226,Philip,Toth,,SWE,Open,-10.09,13.68,28.24,-71.03,1,-11.67
1227,Fredric,Wictorinus,,SWE,Open,-10.24,21.47,37.67,-91.54,1,-11.84
1228,Dan,Andersson,,SWE,Open,-10.27,21.51,37.75,-91.75,1,-11.87
1229,Angelica,Sanchez,,SWE,Open,-10.29,13.63,28.42,-71.62,1,-11.9
1230,Linus,Andersson,,SWE,Open,-10.46,13.36,28.3,-71.53,1,-12.1
1231,"Mats ""Dalmas""",Bäckström,dalmas4,SWE,Open,-10.71,11.57,26.47,-67.84,2,-12.39
1232,Peter,Claesson,pc65,SWE,Open,-10.79,14.6,30.17,-75.91,1,-12.48
1233,Andreas,Jansson,jazze,SWE,Open,-11.37,13.75,29.85,-75.79,1,-13.15
1234,Mika,Nousiainen,,SWE,Open,-11.37,8.72,23.87,-62.88,4,-13.15
1235,Karl,Broberg,,SWE,Open,-11.85,14.38,31.17,-79.14,1,-13.71
1236,Linnéa,Arildsson,,SWE,Open,-11.87,13.05,29.6,-75.77,1,-13.73
1237,Pelle,Pettersson,pellebrandman,SWE,Open,-11.88,12.71,29.21,-74.94,1,-13.74
1238,Mikael,Svensson,msv,SWE,Open,-12.14,13.38,30.31,-77.57,1,-14.04
1239,Mikael,Floberg,mickeys,SWE,Open,-12.17,12.08,28.81,-74.35,1,-14.07
1240,Marianne,Boström,,SWE,Open,-12.22,13.99,31.15,-79.45,1,-14.14
1241,Örjan,Tollbom,oldiebutgoldie,SWE,Open,-12.79,12.13,29.61,-76.69,2,-14.79
1242,Fredrik,Stangebye,,SWE,Open,-13.35,14.36,32.93,-84.42,1,-15.45
1243,Amira,Roula,,SWE,Open,-13.36,9.53,27.21,-72.08,2,-15.46
1244,Orjan,Tollbom,,SWE,Open,-14.78,15.45,35.92,-92.32,2,-17.1
1245,Daniel,Lindau,,SWE,Open,-15.05,9.58,29.25,-78.19,2,-17.4
1246,Tariq,Mahmud,,SWE,Open,-15.83,14.08,35.53,-92.52,1,-18.31
1247,Umaphon,Na Nakhon Falk,,SWE,Open,-15.89,7.51,27.8,-75.9,3,-18.38
1248,Einar,Cronstedt,,SWE,Open,-16.07,13.94,35.66,-93.03,1,-18.59
1249,Bengt-Ole,Hamilton,freixenet,SWE,Open,-18.7,4.81,27.93,-78.98,3,-21.63
1250,Per,Byberg,xiter,SWE,Open,-18.82,10.31,34.61,-93.51,2,-21.76
1251,Steen,Ottov,,SWE,Open,-19.2,4.91,28.64,-81.01,6,-22.2
